"pac_id","entity_uuid","added_date"
"1385674","2b9a2616-f549-4287-8095-c22b2d418bab","2026-09-09"
"1418060","94c240e4-d1a4-4e20-9bfe-5c0bbdf86094","2026-09-09"
"1456636","11f706b7-6e50-4c52-8982-f8447aaae9ac","2026-09-09"
"1264590","5c0f500f-d1ca-41d0-98a6-652ada398bc2","2026-09-09"
"1442900","b63d8b6f-53c9-4525-a3de-d1237ac008df","2026-09-09"
"1077374","ceeb5ee1-8356-44e1-946f-5f61ec33350c","2026-09-09"
"1244001","f0006ef7-c867-4bfe-9a93-48c0b202b3f7","2026-09-09"
"1438874","93e0509a-cae7-4163-ad7c-45c9c5073c63","2026-09-09"
"1022794","f44695e7-248a-4c1b-94ab-ef381fc43040","2026-09-09"
"1486767","064d2f92-2822-4fd1-b728-f4761d25d40d","2026-09-09"
"1476845","244c68ca-4659-4424-9cf4-239a54dd36f0","2026-09-09"
"1449477","d4c84356-b011-47ff-9b0f-da1b1f23e4f6","2026-09-09"
"1475565","40012665-8f82-4695-82cb-31035d8427ff","2026-09-09"
"1478170","5e7d6c1d-410d-4b4c-9dcc-f5ab068f4aba","2026-09-09"
"1319072","20d50471-c724-4123-956e-c26b89d51b45","2026-09-09"
"1448772","644748ed-94b9-4ef9-be90-e6fe0bd9db9d","2026-09-09"
"1268914","bf8c6009-8411-473d-b1df-5886a9d91af4","2026-09-09"
"1455363","7a442578-16ca-4865-9b3a-ca8152a61449","2026-09-09"
"1478478","ec8f2b4f-b8bf-4147-b318-80189b873eef","2026-09-09"
"1331005","37aa7e37-4b84-4bb9-9bb0-670007cf010f","2026-09-09"
"1059236","4ea5af2b-5565-4ef0-9f1c-f32f48a58cfc","2026-09-09"
"1018869","2cfd0fcf-ca08-4f9d-bfc9-e2aee29fbd77","2026-09-09"
"1019718","83328479-f416-4cb1-926d-85d759436915","2026-09-09"
"1489060","7e9c3f9e-fc30-49ab-a09c-1d441a56cbcb","2026-09-09"
"1073398","cc52bced-647c-43c4-b309-c3a2b32f7726","2026-09-09"
"1018385","e42a3bd0-43b1-428c-8062-d6c6a2efe627","2026-09-09"
"1477317","48c8dafc-4673-47eb-8c9d-6f1c340c3f27","2026-09-09"
"1298011","7d5ba0c4-0c80-40e4-b691-2ab5a489bb9f","2026-09-09"
"1460206","9791864f-d090-440f-b5f6-36c519889be1","2026-09-09"
"1476870","863160ca-fba5-4f8d-8b06-7d2efdf26597","2026-09-09"
"1066113","590bb6c9-c479-4073-9af1-d393f17e42ce","2026-09-09"
"1053654","f8e7107c-6635-4637-9a27-66d1a001d2c7","2026-09-09"
"1477447","9b883d10-332d-4259-bb57-d02aec5baad6","2026-09-09"
"1280902","9c7557a3-92bf-4e4a-910d-cd34d04e402d","2026-09-09"
"1047877","d0894d1c-1153-49bc-89ab-6bee51ef6d39","2026-09-09"
"1047468","b4134f4d-226b-4ec5-a6f8-34b7b3207a75","2026-09-09"
"1047852","9e2baa2e-e05c-461f-832d-10f89ec48942","2026-09-09"
"1491712","f0821e4f-7a42-44f4-8147-7ca0df51e062","2026-09-09"
"1453853","319d6f7f-eeef-43fc-b64f-d66e1a0badcf","2026-09-09"
"1477034","339e6b30-c106-4308-b9f5-881650c909cc","2026-09-09"
"1468676","4f870a5f-81b2-4b7a-95eb-26b0adfdfa9a","2026-09-09"
"1468673","621d368d-b494-4636-9e6c-6ce590297b21","2026-09-09"
"1468668","e51dbb13-ae46-46ed-b2e7-0c1d02cbc497","2026-09-09"
"1042247","dd69b17f-0f3c-4b9a-bb06-5fe08ed25061","2026-09-09"
"1398311","9020003e-d1e4-4926-9e8e-c709597b9ffe","2026-09-09"
"1047876","cac14a7e-0720-4082-b360-fd3008676a49","2026-09-09"
"1262838","7215ae46-37be-4704-a4c5-186901106696","2026-09-09"
"1043305","5f056af7-2085-48e2-823a-09c886651e7d","2026-09-09"
"1367567","e12398ae-ba51-4db5-9efa-1bad7d56d0fb","2026-09-09"
"1435580","e9df187d-3ec9-4c97-a1f0-691bea67e672","2026-09-09"
"1299419","914665af-306a-463c-b625-d1bbd69fde2a","2026-09-09"
"1413981","96c7c078-db76-48fe-9903-3ec1b6d9a800","2026-09-09"
"1478172","50f88da2-451f-45bc-a698-ec1833a18443","2026-09-09"
"1071932","6ad3695e-20cb-4113-8a5f-78360035cac0","2026-09-09"
"1456932","f06270ff-84e1-4da2-9c7d-69d27cc3146f","2026-09-09"
"1045460","57b2cd7d-f3eb-46aa-88cc-dcdd95a5688b","2026-09-09"
"1076050","e5f51153-41c3-423c-85ac-d8abac07ce49","2026-09-09"
"1042187","34ae73c1-ac6e-42cc-9aa5-ac414d7cbd12","2026-09-09"
"1490064","b8ff9037-d5e5-4a21-a4a5-42b4076fc103","2026-09-09"
"1221924","6ec513b1-643c-45b9-a801-9e710a20e19e","2026-09-09"
"1489012","f68324b9-d01b-469d-9432-d5eb1579028a","2026-09-09"
"1030692","5a9a0c38-ab16-4e4e-b478-512d30613d81","2026-09-09"
"1054067","8d6a86a4-bfbe-49e1-9ca7-a993186f8fd6","2026-09-09"
"1483803","cfa45930-0a0c-4df0-9651-e2e9504f1a55","2026-09-09"
"1070701","9e24e186-04f8-48ad-a1f2-8183571c41ad","2026-09-09"
"1467150","da2fb3a4-b2a5-4d78-88fd-5bcd0e284c4f","2026-09-09"
"1255069","08bc0812-21b7-4e5f-97af-527e1a21269e","2026-09-09"
"1490566","3b51872e-741b-437e-91bc-e5915d931e92","2026-09-09"
"1477778","0de05a52-8bb0-4356-9d79-4c2260a671af","2026-09-09"
"1492717","6557c553-14e7-42a8-9c20-3b2ba0001996","2026-09-09"
"1482358","2e582519-a8bf-4d02-935c-61e1988996b2","2026-09-09"
"1261647","eee65b2a-198f-49a0-925e-747d4a7a67ce","2026-09-09"
"1258919","4be31088-5aeb-4269-8970-1321ef1fd1b6","2026-09-09"
"1273830","9a742fa9-3b5b-40e1-900a-dcdda9dcc3e5","2026-09-09"
"1280975","7b1f7d61-f0c1-4388-9e5b-7db406508db2","2026-09-09"
"1343340","7a5ee3c4-3a6c-423f-a019-deb70e670b00","2026-09-09"
"1436215","62671e51-8954-4760-b3a7-d72daa882038","2026-09-09"
"1268631","bb2b361e-30d8-481d-827b-9591461d1ae1","2026-09-09"
"1039258","37f02778-6462-482b-b63a-dc163ad061e3","2026-09-09"
"1396710","d724a5e6-f626-4783-a594-4925a190a8f4","2026-09-09"
"1298176","31763f19-aacf-4959-8085-a8e210604806","2026-09-09"
"1484213","92875630-7240-49db-bfbb-87af3d16b451","2026-09-09"
"1243454","54abdef7-685b-40ee-a022-ba0b7544c6b4","2026-09-09"
"1452790","dc3d16c5-586f-4a81-bd7f-d9164fd979a7","2026-09-09"
"1300663","561b3e62-e93c-422b-8ca9-3ceebfc18e59","2026-09-09"
"1069562","9fe13c41-86fa-4a08-b407-3e81140091b4","2026-09-09"
"1020192","44acfaa8-c3c5-4d84-9b8f-f815c8eed922","2026-09-09"
"1444108","48099e9c-924a-4f15-ad70-5a22ca018e64","2026-09-09"
"1238271","89432034-e8aa-4fef-b806-f87daffed165","2026-09-09"
"1012312","13d030e6-e075-4349-bcde-1cce808381ef","2026-09-09"
"1379198","08b2afb7-5d12-4f72-a152-6791d8ad971c","2026-09-09"
"1335312","0746b5d9-0e97-4c80-bd8f-d0b4acaef4ef","2026-09-09"
"1019401","6871e900-6d3b-4b1e-adae-9c9a41c57869","2026-09-09"
"1043345","918a5eab-5c12-47fd-af88-72fef65ba6d0","2026-09-09"
"1034330","3283c21a-4302-4084-893b-ab517c5cb292","2026-09-09"
"1344506","8dec0ae1-1253-4f88-892a-9e2fa6080522","2026-09-09"
"1437529","fefca9ed-fb25-4c6a-bf45-9c14c8b318b9","2026-09-09"
"1475739","d48ade51-a6bb-4838-98d9-1e9c007c0806","2026-09-09"
"1034810","318a4f79-773b-46d9-8ea1-0be4558ef352","2026-09-09"
"1329702","3d6ba126-e8b8-48d2-a494-08a772f13e23","2026-09-09"
"1302433","b059d960-991a-46b3-a17b-6d1db0bd0d52","2026-09-09"
"1465611","a4009d1e-4b9f-4743-9b28-31bef4eef038","2026-09-09"
"1266887","c4633683-630f-41a3-b3a1-82d9bc163c1f","2026-09-09"
"1439102","9d707652-99d8-472d-8f1a-ae087b0934df","2026-09-09"
"1423131","cf113aaf-a0bf-45a1-bdec-500b5dd4ac1f","2026-09-09"
"1408990","63f2f493-24c2-4e78-b66e-83153d10e97f","2026-09-09"
"1357256","74ed4357-b717-48be-ae18-05eca2366456","2026-09-09"
"1067655","fdfa2a94-7e4b-4dae-8a7f-dea8e5dc110e","2026-09-09"
"1030699","90d909e8-cb7a-4c96-a3f9-f88c5048d579","2026-09-09"
"1405807","d16c8b0f-918e-4e42-b777-3218a052945c","2026-09-09"
"1401119","cd08903f-e8a0-44c5-b766-8ba1747d0570","2026-09-09"
"1022620","22baf8b8-27f4-48c0-ae0b-0d11635aa2dd","2026-09-09"
"1047894","0703f0ae-fd7a-4e6b-9c9c-13c0cc1f445e","2026-09-09"
"1349036","6c388b93-0e34-4bae-8646-9dd5c13541f0","2026-09-09"
"1018624","e053b800-8971-4a14-8bb9-47eae3703590","2026-09-09"
"1439959","724a0afb-e0fd-4e37-bd00-29ff2cc2d9ca","2026-09-09"
"1227710","e15f5917-63dc-42df-8ff6-f4fd17575064","2026-09-09"
"1019127","713943b2-7cf5-43ba-9665-1ed62a9c9813","2026-09-09"
"1275328","022b37a6-345c-4d03-a684-f6356bcb89fe","2026-09-09"
"1275549","000ee2df-07bd-4439-9b1c-20db9334b6ad","2026-09-09"
"1021268","4ca90551-2a39-4ff3-8102-c112308f3fe9","2026-09-09"
"1405082","f8b52f0c-4afb-4eb5-98d9-022e625ac786","2026-09-09"
"1073535","7bb670ea-97a5-4c8c-a2c6-5929b691bd33","2026-09-09"
"1070689","6846a31d-b53c-425e-9394-1093e07671e0","2026-09-09"
"1035164","c480e01e-80e8-43ad-a71e-8ebb2ee099e7","2026-09-09"
"1377585","d215fd98-a956-4e97-b30c-845b4a7cbe21","2026-09-09"
"1018843","f0139a46-1abf-4ebc-a8ff-414901de3151","2026-09-09"
"1021823","9065efee-339b-40a2-8d9f-5e43b64178c0","2026-09-09"
"1031089","2059a0db-0645-401f-8036-077bf86f9334","2026-09-09"
"1463224","b6d8aed1-93c4-46af-bed8-bf3959f8f1d9","2026-09-09"
"1019100","a3f31dae-30ab-48a3-ad82-0db8c7d6b25e","2026-09-09"
"1065050","a5c21a44-f389-4163-b97d-6f65d1f687d4","2026-09-09"
"1488423","80ee6972-43d8-4860-8114-330bd2501374","2026-09-09"
"1460720","06639669-eee7-4e48-b0bd-a2db17435057","2026-09-09"
"1021408","fbda08fd-2041-4e23-bd32-ebf49d57d2a4","2026-09-09"
"1025266","c04ed765-6f6b-4721-9a46-a9cf41f8b0b4","2026-09-09"
"1034859","b60ad9eb-001e-41c7-8920-dabbd2b0ee97","2026-09-09"
"1299236","6439ced8-0e5a-4368-b267-e20e9541a18c","2026-09-09"
"1238126","d9eb127e-b080-4a85-819b-6dc56d47dbec","2026-09-09"
"1410185","151438a8-9d35-4818-95d2-9129fc0af725","2026-09-09"
"1036915","4041703a-7e5e-4290-8de7-8a200652021f","2026-09-09"
"1018697","9a673c33-0f99-47f5-b4b6-536f3018a2a3","2026-09-09"
"1483175","afefb3e2-01c3-4a4b-a95f-4fbc8c2d2038","2026-09-09"
"1039225","de48fc67-2996-439d-9329-e16a15eabd43","2026-09-09"
"1056422","91c440da-fada-483c-92d3-db3a47182346","2026-09-09"
"1303937","4bc432e1-991a-4b9d-a04c-8ffa54a3cec4","2026-09-09"
"1303833","fd1ded1b-f6f4-405f-999c-4af04f0aba6b","2026-09-09"
"1443600","cc9e5cdf-ba4c-4cbf-8f8b-86aad52542cc","2026-09-09"
"1022037","9a8d8727-7107-4c5d-aa46-be12ec862f7b","2026-09-09"
"1263100","55c95343-46fa-40d2-ad47-94ba8af7c78c","2026-09-09"
"1034642","951ba372-332f-431c-a68c-9dc1ef22163b","2026-09-09"
"1414539","0fee0f99-e9a7-4dea-81ec-746c99c35346","2026-09-09"
"1018785","ff60a210-1db1-4564-ac83-6e1075ec1dfd","2026-09-09"
"1445789","42036265-d6d5-4390-8075-988e94cbd945","2026-09-09"
"1052012","0342a354-e927-4649-a4bc-a2c39d8fa171","2026-09-09"
"1269303","5aa8bdac-7b5a-4a60-bb75-d5301940e109","2026-09-09"
"1286381","65ab82f8-d36e-4705-9af4-29549a6de56c","2026-09-09"
"1010229","4e04ee65-8635-42af-ba1c-34f19bf0c8d1","2026-09-09"
"1473273","f1cf76d1-1f29-4c32-ba10-04687a40b388","2026-09-09"
"1416673","7111f98b-cb0a-4043-9bda-12e1a5732332","2026-09-09"
"1334557","f1044764-410c-4b59-8775-bb44130ae16d","2026-09-09"
"1036761","ebffc11e-5b34-4ec2-828c-8fe52a262ac6","2026-09-09"
"1045888","2ac616a3-64cd-4f57-a6a3-67f6a2b844d6","2026-09-09"
"1427579","ae95781c-60c9-4807-ba43-023bcb9c92cc","2026-09-09"
"1052206","251d7215-f94d-4dca-abd0-9d2e9c5576e2","2026-09-09"
"1363067","31bf0b9f-83f1-433d-a4a6-04152047eccb","2026-09-09"
"1338487","0aea1210-bb2a-4391-9e58-be259266f4fd","2026-09-09"
"1245177","78217a7e-1779-49c2-8614-84c574ab45b6","2026-09-09"
"1328933","03729960-c0c0-4a46-b58d-52ec1e1acb7b","2026-09-09"
"1488101","3f0ae664-f346-47d4-90ea-ec8eebd5f671","2026-09-09"
"1070781","33699da0-8de6-465e-b0a6-8d4454c09a3f","2026-09-09"
"1047613","a4749009-ed3d-4d30-9bc5-209aef49bfd1","2026-09-09"
"1311499","70b611e2-ffd8-42a1-8340-8f4ea3f04581","2026-09-09"
"1021953","e91b84f0-b6ea-445a-9290-25bdd5364f41","2026-09-09"
"1272633","52137d51-ac7d-4cff-a628-6d99a78b23d0","2026-09-09"
"1065029","440ebe70-0980-4a79-8748-07705056d0f6","2026-09-09"
"1314816","75c7242f-444f-423c-9eb6-e2de463a5177","2026-09-09"
"1447800","b1f25205-9619-4fa7-8a60-fc9a0011160e","2026-09-09"
"1072551","0e979610-2958-4da2-be14-1205738f69fe","2026-09-09"
"1046932","ab1c778f-26e2-4711-8e72-6b5b7592715e","2026-09-09"
"1454100","27a0ab8f-f1c7-4c91-b42f-3522dff56989","2026-09-09"
"1026184","0f3620b7-1b38-4469-a67d-26b0858d26a7","2026-09-09"
"1234155","e4fcabba-9006-405a-935f-36ebe0ec1b56","2026-09-09"
"1045740","a30d8243-8984-45a4-bcf5-f9e779fc2412","2026-09-09"
"1254179","35a8d5fa-4ad9-4c9d-9952-262a99dfd6d1","2026-09-09"
"1045082","22531b96-75ee-4081-b460-89f347cb1113","2026-09-09"
"1041364","371a70bb-ee21-4179-93e7-f9175d2bc392","2026-09-09"
"1286035","7b759957-01ad-4b37-bc01-1e019bfdc7c7","2026-09-09"
"1407923","bef366a6-15b7-4045-a1dc-4996529ef05f","2026-09-09"
"1467902","5620c7e3-6cd4-4334-a844-767ef9d3ec15","2026-09-09"
"1018355","2c1dab41-e7c3-4533-a361-ca8126ab4035","2026-09-09"
"1377164","9af75c33-b4e2-4353-910f-ab8624a0ca6a","2026-09-09"
"1054869","15c75dad-5344-44c1-930a-d62d8971cc28","2026-09-09"
"1457818","8a4f316d-a910-45b6-b844-c08948cceba7","2026-09-09"
"1478738","a95023dc-8a76-4d9d-aab1-849cd2b55450","2026-09-09"
"1064861","8ba12d73-38bf-4df6-86b8-ee77ce701483","2026-09-09"
"1241835","ef049574-d88b-400c-8b08-b8d54098c8e1","2026-09-09"
"1039318","ae2224cc-bb17-4983-b148-8b6678a9edfd","2026-09-09"
"1401346","4cc7e87e-66f6-4037-ae13-6a9c100b5223","2026-09-09"
"1406018","006cd3bc-aaf6-4f02-9134-5159667c7c14","2026-09-09"
"1018912","b05f7a73-855d-4a26-9833-394f2409ed78","2026-09-09"
"1038905","28d8c97c-8729-4c37-94c9-1f822a89221a","2026-09-09"
"1483101","88449840-9d23-4ab7-b9a1-2abbb1d16e68","2026-09-09"
"1042437","ee3b0c30-a858-4c1f-bbd4-b038ada20716","2026-09-09"
"1455293","5ea80b34-a03c-46ed-b99a-8919eac405a4","2026-09-09"
"1069839","d1b3f4ba-4bec-4858-960e-a3648d10d8cf","2026-09-09"
"1358790","32803c53-60fa-40ba-9b9d-b9125b25c9c1","2026-09-09"
"1380675","ec18b5b6-3627-45b3-8425-4edeed1382fe","2026-09-09"
"1051531","519dd9b5-0f3a-4896-a8e9-51b4e2fae18d","2026-09-09"
"1415484","38e58178-8fd0-44eb-942f-5e435969e2f5","2026-09-09"
"1478936","1922cf9d-c721-42ae-8025-0a2644c32860","2026-09-09"
"1479206","efae541c-841e-477a-888b-54a108036eee","2026-09-09"
"1431167","6a1e97a1-3901-4842-bfc6-eacbd3bd2351","2026-09-09"
"1387772","7496102b-8548-4e0f-858f-70ba62f329c5","2026-09-09"
"1481476","ba02514f-72cf-4bfc-a0a4-199710d4f7ff","2026-09-09"
"1459007","4875a07e-a291-45d4-afeb-d9d1026ade8a","2026-09-09"
"1467230","d6674537-39a2-4557-99b1-78bb55e7b6e2","2026-09-09"
"1029806","69d65ac5-d696-456a-a7e8-5e32488c8d03","2026-09-09"
"1018513","ec167721-7d19-4dcf-8448-ba2dc1f27346","2026-09-09"
"1484899","e4ab97be-8432-4838-8ca1-2055889d009d","2026-09-09"
"1235258","6d775a33-3c5c-46ac-89d5-9fc78e850442","2026-09-09"
"1051844","6c0b0cf9-8b58-47ad-bb5a-5e455ddc42bc","2026-09-09"
"1275672","bb1410c2-9cbe-4782-9faa-40b063e96f16","2026-09-09"
"1488081","a696ee9f-e715-4de6-8bc1-eea6970dd97b","2026-09-09"
"1353866","00098d99-7587-4905-9047-4eb5c0574900","2026-09-09"
"1254010","49df34d5-fc8a-44b0-ae24-890e922099e3","2026-09-09"
"1233935","4cc543fd-5d99-4ad2-aab7-f4127ce40ffd","2026-09-09"
"1475998","c9de09ba-080f-499b-be95-6d7b41ea90cc","2026-09-09"
"1065171","bd881bfc-9413-4c8c-9cea-5fa0a38e3e9d","2026-09-09"
"1461436","7fd0c641-7535-4fe0-97c0-4f47259a0963","2026-09-09"
"1018475","4f42cf0d-d865-411c-bd2e-e5debe3e9041","2026-09-09"
"1021698","11eda30a-e448-42be-bd8c-6863bdfc3c95","2026-09-09"
"1018494","6093cd97-93a4-4d8f-8b48-b1fcfcedffaa","2026-09-09"
"1256259","c92721d4-5256-4adf-85dc-b59523e9a4b2","2026-09-09"
"1024768","d435b2a7-3028-4614-9618-d067773c7576","2026-09-09"
"1021736","28b093a5-8005-455d-9f47-018be4a3fb06","2026-09-09"
"1025148","1cad0b93-50be-4068-adbc-a5957c2121c1","2026-09-09"
"1069777","dc50e1e0-8ec4-4c29-a76b-44136f65a370","2026-09-09"
"1365806","6adaa311-f113-420f-97fb-cd4ae140fff4","2026-09-09"
"1436831","f2301d6b-f479-498e-8813-f72fd8928a09","2026-09-09"
"1008988","4437e936-764f-4b3e-99a3-6a26c73b02c9","2026-09-09"
"1067651","b78b12ac-965b-4c74-9e35-58f2ea54bdc8","2026-09-09"
"1219570","43f3aa1f-e9a1-45fe-ab18-205b27052787","2026-09-09"
"1049575","2e3afeb2-e63d-41b5-9cf1-72cf7f255130","2026-09-09"
"1249402","b20a702c-1104-489d-bc0f-6263bf87d67a","2026-09-09"
"1065909","2aed693d-de1e-48ff-b77a-1867d5abdf00","2026-09-09"
"1021800","c922c345-e82d-4616-85e6-779b90912264","2026-09-09"
"1035088","174c35d3-0e46-43a0-92c7-94784cca28e2","2026-09-09"
"1485004","168ef3ab-914b-46cc-9d49-8d0a51691c4c","2026-09-09"
"1434027","60ed4170-13c1-47be-a087-0d879ecd3155","2026-09-09"
"1358788","b3b050f3-a64a-4d6d-8a63-155b8a65f68c","2026-09-09"
"1471593","8688e618-d0a6-42f1-a6bf-39ecb93ead84","2026-09-09"
"1075652","992295f0-efa5-4707-8f52-26e6dbabd753","2026-09-09"
"1298012","26e016bf-c9b4-4f92-9654-92ddd071213a","2026-09-09"
"1274157","43d12746-6ef1-464d-85cc-f1c7aa5f1c13","2026-09-09"
"1071844","1775ad18-bc8f-4dde-9d66-a4b1aa40d72d","2026-09-09"
"1347482","2602eed2-945a-46c9-811c-7d30d9c93edc","2026-09-09"
"1391325","69d42145-a510-4332-af1b-7501ca05f490","2026-09-09"
"1048801","5e855898-061d-4df9-9487-2112342b64ec","2026-09-09"
"1421884","8c27ade5-561d-4ded-a503-cff408004e34","2026-09-09"
"1374474","0ff05648-8bb8-4195-864e-8e2720ef47aa","2026-09-09"
"1393636","289cc226-0ade-4ed8-9b44-206dbe15907f","2026-09-09"
"1363208","f1512212-5fab-432c-99a6-8f2c580769d8","2026-09-09"
"1355053","3d47deed-9753-464b-8347-6bd3a0b33e65","2026-09-09"
"1355052","9329bc1a-5b67-4243-b644-e78c48bf45e6","2026-09-09"
"1253541","8c19aaf7-b44e-4b6b-b987-5d9a15cce1d9","2026-09-09"
"1450761","b3e87bdd-dd0d-4293-9abb-dc5ffdc24550","2026-09-09"
"1009760","7542d22f-9677-4a9c-b2d4-0a73c2b3627b","2026-09-09"
"1014098","19685e24-e3de-4e14-ae6e-4d17bee28c69","2026-09-09"
"1393635","57845dcf-3452-41e1-b716-d9f89c0bb3ae","2026-09-09"
"1261612","5d1ec460-467e-432f-8e41-345f55329b9b","2026-09-09"
"1363184","aee6b8bb-3410-4891-8f38-f7f2ae93f78d","2026-09-09"
"1010199","f2caf503-8104-4a93-be49-f0129e56cfe2","2026-09-09"
"1010204","658f5b52-ece9-457e-9fbd-0829606008cb","2026-09-09"
"1010197","e53c7ea7-819d-4f0b-9b39-9204c40f7186","2026-09-09"
"1355050","8bde9f91-6782-4d16-bb55-881121e61eb1","2026-09-09"
"1010260","a9d2f81e-b552-485f-bf48-69bc1607cdb4","2026-09-09"
"1355057","68efa174-5685-4702-94d5-b9b28db42e3a","2026-09-09"
"1355060","fa1fab9f-d878-4905-a5a8-70de3929f8de","2026-09-09"
"1010278","ca2b4615-379a-42b5-9548-8b21f8990a49","2026-09-09"
"1450764","a6dbb902-1da3-45ce-9074-ae4f6e593b2d","2026-09-09"
"1261609","b72e9825-cf31-4f83-af63-bc2a0c328af3","2026-09-09"
"1261972","b0f35ac9-da32-4939-a700-dab239bb34db","2026-09-09"
"1294498","44e92dbe-0003-4035-be1b-9855eba43ff0","2026-09-09"
"1010381","deccd2ce-efa6-4ca5-9079-b8ef2003109b","2026-09-09"
"1010258","40d82e82-a08f-4339-8e47-bea3ee17c05f","2026-09-09"
"1010167","a3a6488c-3d2f-4745-a844-658c6859ea90","2026-09-09"
"1010183","46d12b6e-98ae-485c-be79-000203ce69af","2026-09-09"
"1012585","7e8d5596-36cc-4ec6-b77e-465b1cdb8cff","2026-09-09"
"1457545","5fca2454-8d2b-4d26-9977-b2d6eff548b4","2026-09-09"
"1261615","d10251ef-0c6c-47ef-87f4-7cca8df0f29a","2026-09-09"
"1010405","696e0055-3caa-4e20-8db7-b4aad59c3c49","2026-09-09"
"1450766","a49d4869-ab76-4072-b638-c76f9099f99f","2026-09-09"
"1355048","48c66f0a-5da1-49df-90d4-08a2a0aaf5ae","2026-09-09"
"1264046","7b5794ce-9c63-44c5-a62d-d9a75bf219b9","2026-09-09"
"1010385","892b51ae-2a22-45c1-a928-991ec28c0cb4","2026-09-09"
"1010411","b62fd77d-6bcf-4435-82fb-8b0272ab5f3f","2026-09-09"
"1012990","98aa34c3-f14f-4cc4-9d8e-9c2a05e1de7b","2026-09-09"
"1261618","3e1ea927-b0e0-4846-ad39-9e09063b8872","2026-09-09"
"1011716","e849fff7-6864-41bf-a641-4ba3f468c15f","2026-09-09"
"1282798","0b02847e-37ca-4cd8-800f-cc1db5cd8659","2026-09-09"
"1014526","3a2d48f9-b93a-400c-857b-412361926512","2026-09-09"
"1012856","1465d902-aa6a-44f2-bd2d-6dbf8d7ce07c","2026-09-09"
"1293912","3ac2d37f-8739-4ab0-8816-1aeccf01455a","2026-09-09"
"1011492","9e3fe54b-7440-4345-98e8-ee043ca52f25","2026-09-09"
"1287768","7b5fffb7-2125-442a-9d8b-4d242227244f","2026-09-09"
"1245954","8c0b6890-721c-4d07-ad5e-8f2d3ca6dbee","2026-09-09"
"1010241","99406481-1143-4276-b904-46321d184524","2026-09-09"
"1457550","3fd68881-2180-4dbc-8ae1-c18a64e51d2b","2026-09-09"
"1355061","9f967974-73e6-4b05-82d5-210d49b7f301","2026-09-09"
"1012481","4ac78983-aa55-45c7-abb4-e7e4c1603b9d","2026-09-09"
"1010274","ca4aa8b7-89ed-4a97-85a5-30a05caaf368","2026-09-09"
"1450768","595b69e6-2f9b-4aff-a9b8-23c56cc6068b","2026-09-09"
"1282797","b27f3f03-8f3e-40f3-a475-de5780513c17","2026-09-09"
"1315755","c2794b2d-2357-4a55-a3ed-e358ce29c931","2026-09-09"
"1344050","2278b74a-fbfa-4c3e-8a44-0d3f45493bcc","2026-09-09"
"1327112","c8b81296-5efd-44fe-b3cf-191d7ea14ae1","2026-09-09"
"1060411","86602868-e90f-4c96-9df3-767a145817c8","2026-09-09"
"1343845","baf3a4cc-60ea-4812-98e5-ca4db25ceb74","2026-09-09"
"1265580","1b877c82-2adf-43ae-9589-a9d79004a259","2026-09-09"
"1242839","b059ef02-236c-44f0-be1c-f1ab5327a0a7","2026-09-09"
"1373632","811bde23-8a76-4648-8864-eb68009390d2","2026-09-09"
"1436380","c330fb73-c870-4ff1-ac1b-a8fb27ecc4b7","2026-09-09"
"1059602","7877ac52-aed0-4da0-8b25-7ca039fd6f05","2026-09-09"
"1011327","1368928d-3e07-481a-88aa-5cd5eab81a10","2026-09-09"
"1007720","818a9511-4fe6-405a-a180-48ba1eefa6da","2026-09-09"
"1466592","84599774-dffb-4d6d-9868-12fd02320eac","2026-09-09"
"1022011","6b5bc25b-53ea-40bc-b06a-93c8b76af171","2026-09-09"
"1062514","4261c289-f948-42aa-aff0-ca249e27aba3","2026-09-09"
"1486695","cfc1bae8-64a9-4565-a0da-186a20488a9d","2026-09-09"
"1372681","42607ed2-537d-43c4-979d-1be044df8072","2026-09-09"
"1414018","fe475095-1975-440c-a98e-453e19217bab","2026-09-09"
"1243364","08a7eecf-32fb-44e6-b4f8-5f478d14122a","2026-09-09"
"1367548","edbfe230-b2c4-4c57-9676-975242886e46","2026-09-09"
"1332378","5c191231-0bd9-47ca-a05d-938c2c8d252c","2026-09-09"
"1483764","54ceb16e-2e1b-4e23-88e8-5048a3cfc558","2026-09-09"
"1344205","154b5963-dec6-4eb4-bc6f-08657db3b11d","2026-09-09"
"1413452","efdbb79a-6036-4026-930d-63d14ef6ee7c","2026-09-09"
"1430404","c455cd16-dd83-4315-b778-4cacd5070ec9","2026-09-09"
"1240104","348bdd82-1d18-4a65-b3c2-c4a887b2289d","2026-09-09"
"1392191","4941d8df-e894-4514-a635-acf38f04e9a7","2026-09-09"
"1357909","e02c3c94-26e8-46ea-bda9-b656318c1bb8","2026-09-09"
"1404127","ef887675-34e0-44b6-8a68-891f67ccd1a2","2026-09-09"
"1460932","f5c1c282-d794-4683-adb6-1a08817de5fe","2026-09-09"
"1417295","8d318ec9-b83c-43ec-9ad9-156c3af5c59f","2026-09-09"
"1403644","bf901528-2337-4c41-9fa3-8bf810622b5e","2026-09-09"
"1445325","2f38c7c6-fb0e-4503-9bbc-33497404658e","2026-09-09"
"1385421","4f89f6ba-1792-42b0-a9f1-c09214fbd480","2026-09-09"
"1296889","a25de2e6-4a86-41a0-aecb-406b97312e66","2026-09-09"
"1467784","50652c13-096e-4280-afcd-22694253ee99","2026-09-09"
"1301846","e7842bfd-cd00-4fc4-b87f-6e70ed0a91ea","2026-09-09"
"1219354","3f2086a1-b743-4f9f-9085-688cd2f926df","2026-09-09"
"1338455","3aaac433-6861-44b0-9ec1-6895f115d521","2026-09-09"
"1437334","01a5615c-cb72-4293-9592-c09be0ab79be","2026-09-09"
"1458522","a05da5c0-e546-432b-8688-6f48e9baa973","2026-09-09"
"1467883","95adca47-de49-44cb-bf82-3a03830ada7c","2026-09-09"
"1467830","6d093fd6-6cad-4895-b236-fecee084682c","2026-09-09"
"1445566","a55c1e7c-2002-41ab-b846-7483a35e467f","2026-09-09"
"1455473","d9f18071-63c0-4177-87dd-da424a6fc8c7","2026-09-09"
"1476038","e85c0938-1ee4-4750-a1e3-44d49ffc6f36","2026-09-09"
"1332307","daa385a4-204b-4073-a8fd-afbe1732d156","2026-09-09"
"1308176","51d87acf-0d20-4ede-903b-0e985467169e","2026-09-09"
"1391310","1089ca50-827c-4736-a267-fbfc4ce77f39","2026-09-09"
"1453695","0af2783c-e399-4544-bc98-3341c66a4aa1","2026-09-09"
"1475760","4a82abe3-69f0-416b-a7b9-4b997969fbc5","2026-09-09"
"1451423","d855d912-3fe5-4179-a04c-a9c6a8315ad1","2026-09-09"
"1058979","8e111d1a-dfc1-482c-9a7d-622bb18e7378","2026-09-09"
"1461025","bba28043-40a8-4459-b228-52ecc0855c83","2026-09-09"
"1465256","354949e9-084b-42e5-b29b-b0f1bfadd96d","2026-09-09"
"1453827","d29ebc39-0fb2-44b0-a399-091a391faefc","2026-09-09"
"1018460","d00917e6-1101-404e-ba69-5db3714c6f7e","2026-09-09"
"1482711","9c553c62-82f6-447e-9c9a-7623ab2d073d","2026-09-09"
"1405290","11f79d99-e4e2-42c9-8906-d5a582d0c42c","2026-09-09"
"1482227","ab91ed5c-d193-49fd-a2d8-8625e2a01cf8","2026-09-09"
"1479469","bd242bc5-1aba-4142-a61a-1bd3057a2e6e","2026-09-09"
"1245961","62a69b3a-ebd7-46cd-b90f-e71934a1303a","2026-09-09"
"1296947","c222dd8c-c062-405d-9bb5-7743068ecf94","2026-09-09"
"1463844","b3db708a-c577-4b03-912d-bce8772bd98b","2026-09-09"
"1483976","dd12df9f-f6e9-488b-8d7f-15332c21198f","2026-09-09"
"1025714","fe655048-5644-4a80-b341-b9ad7f0d3470","2026-09-09"
"1031445","8521aa4d-6605-40a9-886e-12578824e409","2026-09-09"
"1067827","71728523-a3ec-415e-8f95-edede9e349e5","2026-09-09"
"1414164","7066fdd7-2f3f-41d6-afd9-d53dd71d5b62","2026-09-09"
"1067843","c7aeaec1-a95f-4e75-98fe-05f87b6aeac7","2026-09-09"
"1046142","057cfcce-40f7-4649-a20d-5115a5f7bac8","2026-09-09"
"1255226","d048809f-a9ec-4121-a45b-969172690994","2026-09-09"
"1031988","e554ed6e-b9b2-4a80-a67c-f75f7f3ff210","2026-09-09"
"1045692","0f0885a3-0d78-47ca-bdb5-740cda0a16f1","2026-09-09"
"1038440","bfa20551-28e6-4de2-ad80-08da59ec0020","2026-09-09"
"1029699","62e7e3c9-8911-410d-8028-5a375b76321f","2026-09-09"
"1021680","3a8b2a48-c3be-4935-93de-e5b3781953d5","2026-09-09"
"1464406","61a07ada-23df-4002-9171-a3eb46570f46","2026-09-09"
"1314447","01c8bb2f-5a13-471d-af08-39293f86b6c7","2026-09-09"
"1026564","aa97840f-2234-46de-a4b1-96500d11cd6f","2026-09-09"
"1233793","3a1b925d-3230-466e-b1aa-b9a72f4b2792","2026-09-09"
"1266189","7b12408a-99b1-4cde-a3a8-e42002b7fad1","2026-09-09"
"1326620","c8d76c75-9140-4d16-92b2-a70d07ecddeb","2026-09-09"
"1273532","32b0b0ab-5a31-4620-8326-d6acf47ad9c4","2026-09-09"
"1467142","a6cc33c7-f1ff-4b17-ab4b-6b3d3a25f043","2026-09-09"
"1433436","aa8419ae-f78c-4395-ac64-029e6d7fc49f","2026-09-09"
"1482084","40f9f85a-a5ee-4f9d-9959-503169107db2","2026-09-09"
"1048979","58998a7a-59fc-487b-84fd-b59f731cf7c0","2026-09-09"
"1487286","3e10be4f-8e88-422c-81a3-9d9830db79a9","2026-09-09"
"1490368","9c01eccc-1710-4089-87b8-7dff187493c0","2026-09-09"
"1485633","0a9e1bf7-c426-4035-950a-ff99ad3879e3","2026-09-09"
"1466331","40178458-b7a8-4774-855c-f70dabafbda4","2026-09-09"
"1036765","1660fe4c-7950-46e5-b271-594a555c544e","2026-09-09"
"1485666","0462e0ba-edb9-4710-b8a9-ff2042877569","2026-09-09"
"1008578","876bc941-75ce-41cf-92c4-dba4ed0e7ffa","2026-09-09"
"1354895","1e30cc15-bc17-4b0e-95ba-7b4098926028","2026-09-09"
"1252603","839fc676-6dcb-4170-a4bf-881e834c76fa","2026-09-09"
"1293569","80d44c1d-dc7c-448b-bbb5-671b6ee4d2e9","2026-09-09"
"1390695","ffe30396-203c-4cec-afb3-13ec86df8fc5","2026-09-09"
"1442568","11663fd5-179b-4424-9f6e-cf7985ac1967","2026-09-09"
"1009404","0c4bd65c-886e-4899-83fb-16027812fc3f","2026-09-09"
"1470692","42377487-39d7-4980-a923-47ba96c53ed7","2026-09-09"
"1229831","61b228d6-b151-4364-8e01-cac6438e6735","2026-09-09"
"1026569","de9ed906-a5c8-4e62-b7d6-2d3386a7b2c5","2026-09-09"
"1013067","dcf3fc92-9d0a-4c5d-9af5-2e145775ca86","2026-09-09"
"1235762","c5d255a1-9998-4e25-95fa-02c4e2f29330","2026-09-09"
"1253640","86e4d267-d386-4e0d-8e26-bc4480d67589","2026-09-09"
"1465492","fa1c6abd-09f3-44bf-8b52-c4799cd25c6d","2026-09-09"
"1077648","005b1b78-22a0-4227-8123-cb6344a41d3f","2026-09-09"
"1461145","c6f3371d-a9b5-41a7-9d94-14d1a24df61a","2026-09-09"
"1036634","3fe23006-dcdd-4b5e-837d-89398d0e3529","2026-09-09"
"1076803","1d47deeb-7ec8-446e-b90b-db63feef93f8","2026-09-09"
"1477899","a0c29286-e589-4536-aecc-dbc5b5e53a56","2026-09-09"
"1029893","4121222c-6bb3-459c-8ca0-ab7606cccc60","2026-09-09"
"1463768","3c8ca4ae-bdf0-4c82-a4ff-763569cb51c6","2026-09-09"
"1480103","ecd00ba0-a24a-4745-bbe1-97a2712fc5fa","2026-09-09"
"1034233","9809a7a1-4eb7-4d23-a2d6-a4b36fcce4fd","2026-09-09"
"1477633","cf2d289d-894b-415d-ba9d-372f15e04bba","2026-09-09"
"1467372","17d32925-170a-4046-bcdc-9b76faf2ca49","2026-09-09"
"1344093","07978b0d-3bb3-490d-b9c3-cce7bdb0a6c8","2026-09-09"
"1235352","f47b61d1-29d8-404d-bb00-6c819712f16b","2026-09-09"
"1288733","41def43f-7125-42ad-bc7a-342c73c89fdf","2026-09-09"
"1432306","fa5717fb-2d4d-403b-9e03-d5736305e264","2026-09-09"
"1474269","b2e6fea6-5c0e-45a0-8d14-859be1a4d77d","2026-09-09"
"1413944","cc8957f2-e51d-4e25-9e39-57215c3570f1","2026-09-09"
"1053292","3d39c2f1-59e1-4d6b-9881-6095072c1acb","2026-09-09"
"1280496","ee10b750-7e88-4c23-826e-9383973a8923","2026-09-09"
"1026400","30a04696-f5a8-44e8-b286-35d80a6de95c","2026-09-09"
"1051385","29825be8-605b-482f-82a3-67ffecf5b0d2","2026-09-09"
"1018998","804823e7-5ba1-4b2f-81d3-c71f93e6e2ea","2026-09-09"
"1318985","9faee360-b252-4fc0-9d14-927ac6f9278c","2026-09-09"
"1483296","4d67f3b3-90a5-4712-b2bc-ee93f74a33a8","2026-09-09"
"1427634","70f01614-e097-4d59-ac93-faa0186b75c0","2026-09-09"
"1249833","ee498130-3ce3-41ae-8a05-8738ba2d8199","2026-09-09"
"1483814","827ea683-1ad6-4d41-8c98-327e3d6036d1","2026-09-09"
"1018556","331e4a2a-d618-4cf7-884e-92abdaa20d50","2026-09-09"
"1072248","0f905db8-8cb7-4d69-860e-14773edf5fcd","2026-09-09"
"1048450","82c431ca-285e-4174-964d-991cc01599fa","2026-09-09"
"1306048","23ec0801-8c3b-454d-ba21-1dd599e56fec","2026-09-09"
"1302403","51d888e1-1454-47dd-92a2-55a9bc35bec7","2026-09-09"
"1343062","188fa259-a94e-4f4b-9c0b-b86d8789c1ec","2026-09-09"
"1058358","b8b05a7e-143e-426a-86bb-e7ac8ad0c5a8","2026-09-09"
"1031850","a3699cdc-60a0-45b8-88fa-1a6bb2f2d6c6","2026-09-09"
"1469663","3ddf9fb6-c1b6-4fb1-a516-d5b7ffe63e2e","2026-09-09"
"1343640","3fed30bb-9b0a-4657-8d2a-d9a829acbaf6","2026-09-09"
"1334559","0ace46fa-cc35-4129-ad81-992f53f17e9c","2026-09-09"
"1308278","4b638673-8472-4df5-8da8-e16b3e8958a0","2026-09-09"
"1346267","35deef40-7ecc-4444-ac25-bbd3d5f5df2b","2026-09-09"
"1450820","a6bb92c1-a4cf-4df4-a9b3-b35b51547c74","2026-09-09"
"1337629","07b36d1f-6a1b-44e4-b37e-c673169c212b","2026-09-09"
"1488414","2d387687-22a9-4966-8b09-4d55952a0ebd","2026-09-09"
"1041565","dee8365e-e718-4f46-869e-492d808b95e4","2026-09-09"
"1385796","d37e08f7-0c5e-4baa-bdb0-d35fcc34b34d","2026-09-09"
"1484678","20bc1fbf-a18a-41a8-a3cb-6ef88a4a4dfe","2026-09-09"
"1026317","56a1860f-ce08-42ef-840f-f6bb66c7d8ac","2026-09-09"
"1252582","dd20ba10-d5b7-4280-b062-5ffba50b9f49","2026-09-09"
"1412628","93096974-5acd-47c0-b59e-839df1fb5714","2026-09-09"
"1461314","573b71f3-e1ef-425b-861f-f475a68fc133","2026-09-09"
"1051550","bcb5dcda-dcc0-4b8b-9232-6bfcd433f4db","2026-09-09"
"1049296","6c3f38ce-7ae8-4dcc-94a3-c0a2b4628dc3","2026-09-09"
"1298154","5761f4ea-f6a1-4552-985a-eff59f8f5bb1","2026-09-09"
"1469821","4b2b427f-6028-45fc-a9ca-919e22299d71","2026-09-09"
"1480679","0eb0c4f0-c040-4a50-9a07-166549d08615","2026-09-09"
"1482450","85332867-0fc0-4a01-8280-1a3f825b3211","2026-09-09"
"1488418","738bda86-d6fe-42f4-8428-2ad6902fb515","2026-09-09"
"1019000","7b3fecf4-c21d-462f-a466-07c182de67c9","2026-09-09"
"1491835","a17044bf-fb60-4e50-8334-347781209352","2026-09-09"
"1491604","bf20b632-d4a6-4d4b-baf7-b5b51a4f77fe","2026-09-09"
"1477692","b025e780-e429-439f-8d6a-634023fc7414","2026-09-09"
"1480038","b453fbb3-6d05-48bc-b100-3b9b1c4002e7","2026-09-09"
"1384902","46a8e4a6-8daf-4660-8bc0-aa6b98ae4a96","2026-09-09"
"1490117","74bb2cdb-b5b3-4804-bebe-eddcf21ce94f","2026-09-09"
"1490463","7df78824-2343-44ac-9164-5e97c8869883","2026-09-09"
"1252378","0bfd6e59-6a46-4f3b-be1b-00d9867fa8bb","2026-09-09"
"1415585","e7a10a6b-8abd-44d2-a02d-6175cf22e257","2026-09-09"
"1395895","05cd2c34-3b9a-4831-afa3-3e318103b1d8","2026-09-09"
"1478784","596731c6-618e-4960-b56b-724107d5b58a","2026-09-09"
"1478968","c65e6483-fa3f-49d0-84ba-f68928c67d10","2026-09-09"
"1475960","887b7aa8-0569-410f-b018-e822abf2703d","2026-09-09"
"1474254","29a38a64-4e9e-4c13-a4fe-715efa861ae0","2026-09-09"
"1476993","072b2be2-adb6-47f0-b11f-254bb38e2add","2026-09-09"
"1297707","d8b5d82c-cded-43bc-8e94-2ae9d6c4306f","2026-09-09"
"1070281","ef82d1df-6ad0-4ef5-bb8d-da9942d0b2df","2026-09-09"
"1450483","56f69b18-c4ff-4d54-b562-f90f4d35595f","2026-09-09"
"1479984","d9e5799c-c475-4ee7-8a0a-c6b9e4c44541","2026-09-09"
"1469547","323e43aa-eccf-4834-bd1c-ac27c008eeb1","2026-09-09"
"1283587","0ab8c171-7034-4be2-b062-cc03e84f85f0","2026-09-09"
"1029751","7e55216b-af35-46a9-9eb7-d237f46cf793","2026-09-09"
"1345344","b83d0c7e-8540-449c-bc44-d11f0a41baeb","2026-09-09"
"1378400","f376f372-2496-4bff-9f48-e20707992180","2026-09-09"
"1436056","1ac28502-4c19-4a50-b582-e20d06ff47c3","2026-09-09"
"1416436","9196901d-03e0-4333-8c06-4b545ee1fc05","2026-09-09"
