race_prop,candidate,code,code_label,total_amount,n_contributions,candidate_total,pct_of_total
Insurance Commissioner,"ALLEN, BEN",99,99,555541.0908672572,829,1306900.2599999993,42.5083005850238
Insurance Commissioner,"ALLEN, BEN",100,Retired/Homemaker/Student/Unemployed,161396.03817734402,34,1306900.2599999993,12.349529885114881
Insurance Commissioner,"ALLEN, BEN",50,Professional/Legal,160235.1683791257,39,1306900.2599999993,12.2607036882161
Insurance Commissioner,"ALLEN, BEN",52,Finance/Insurance,68570.02115811434,21,1306900.2599999993,5.246767734066743
Insurance Commissioner,"ALLEN, BEN",77,Unions,66968.5366897159,21,1306900.2599999993,5.124227053846935
Insurance Commissioner,"ALLEN, BEN",60,Healthcare/Education,59187.33031866598,19,1306900.2599999993,4.528833005103696
Insurance Commissioner,"ALLEN, BEN",20,Utilities/Infrastructure,52631.75014326466,26,1306900.2599999993,4.027220114200963
Insurance Commissioner,"ALLEN, BEN",100a,Megadonors,38177.01492428071,8,1306900.2599999993,2.921188103848164
Insurance Commissioner,"ALLEN, BEN",40,Real Estate/Construction,37021.950433563,15,1306900.2599999993,2.832806111276083
Insurance Commissioner,"ALLEN, BEN",70,"Entertainment, Media and Gambling",25988.290657530215,7,1306900.2599999993,1.9885443023425697
Insurance Commissioner,"ALLEN, BEN",31-33,Manufacturing,23893.129035114933,13,1306900.2599999993,1.828228960266252
Insurance Commissioner,"ALLEN, BEN",92a,Tribes,18236.62963983765,8,1306900.2599999993,1.3954109734309534
Insurance Commissioner,"ALLEN, BEN",92,Government/Public Safety,11008.572634407628,3,1306900.2599999993,0.8423422177915578
Insurance Commissioner,"ALLEN, BEN",80,Other Industries,10658.854082731961,8,1306900.2599999993,0.8155828267056865
Insurance Commissioner,"ALLEN, BEN",79,Technology,8016.248071309077,8,1306900.2599999993,0.6133787188403407
Insurance Commissioner,"ALLEN, BEN",101,Unitemized Contributions,4412.95,4,1306900.2599999993,0.33766540072461243
Insurance Commissioner,"ALLEN, BEN",90,Candidates/Political Parties,2686.559861249702,2,1306900.2599999993,0.20556732166000974
Insurance Commissioner,"ALLEN, BEN",11,Agriculture/Livestock,2006.853570716563,6,1306900.2599999993,0.15355828077626704
Insurance Commissioner,"ALLEN, BEN",88,PACs,94.05001153415428,5,1306900.2599999993,0.007196418457683552
Insurance Commissioner,"ALLEN, BEN",76,Associations,93.0061441591105,4,1306900.2599999993,0.007116544927392589
Insurance Commissioner,"ALLEN, BEN",21,Oil and Gas,74.96653279785811,1,1306900.2599999993,0.00573620918843938
Insurance Commissioner,"ALLEN, BEN",100b,Major Donors,1.2486672795209424,1,1306900.2599999993,9.554419091790088e-5
Governor,"BECERRA, XAVIER",99,99,4876828.520811628,34432,24932484.199999988,19.56013882006844
Governor,"BECERRA, XAVIER",50,Professional/Legal,2875778.087825205,359,24932484.199999988,11.534262148756145
Governor,"BECERRA, XAVIER",60,Healthcare/Education,2715671.881316894,248,24932484.199999988,10.892103087412748
Governor,"BECERRA, XAVIER",101,Unitemized Contributions,1925512.9499999997,7,24932484.199999988,7.72290853391978
Governor,"BECERRA, XAVIER",77,Unions,1903578.9902171534,113,24932484.199999988,7.634935110947165
Governor,"BECERRA, XAVIER",79,Technology,1775941.308531206,102,24932484.199999988,7.123001840832238
Governor,"BECERRA, XAVIER",52,Finance/Insurance,1485977.594248118,120,24932484.199999988,5.9600061603493115
Governor,"BECERRA, XAVIER",40,Real Estate/Construction,1334078.500391919,108,24932484.199999988,5.350764447258407
Governor,"BECERRA, XAVIER",20,Utilities/Infrastructure,946124.8132132333,81,24932484.199999988,3.7947474693004466
Governor,"BECERRA, XAVIER",92a,Tribes,715129.8849250401,48,24932484.199999988,2.8682656697523963
Governor,"BECERRA, XAVIER",80,Other Industries,712697.334342793,80,24932484.199999988,2.8585091185690725
Governor,"BECERRA, XAVIER",100b,Major Donors,684665.0042592323,51,24932484.199999988,2.74607615818416
Governor,"BECERRA, XAVIER",100a,Megadonors,620568.7910359013,43,24932484.199999988,2.4889970291684835
Governor,"BECERRA, XAVIER",100,Retired/Homemaker/Student/Unemployed,520556.1011201339,116,24932484.199999988,2.087862953985685
Governor,"BECERRA, XAVIER",70,"Entertainment, Media and Gambling",487471.1845324018,69,24932484.199999988,1.9551649190753404
Governor,"BECERRA, XAVIER",31-33,Manufacturing,459044.4790269834,52,24932484.199999988,1.8411501852149317
Governor,"BECERRA, XAVIER",11,Agriculture/Livestock,338045.26576956233,52,24932484.199999988,1.3558426952480032
Governor,"BECERRA, XAVIER",92,Government/Public Safety,195030.44891228594,41,24932484.199999988,0.7822343226925057
Governor,"BECERRA, XAVIER",88,PACs,152123.6838659322,31,24932484.199999988,0.6101425058395595
Governor,"BECERRA, XAVIER",76a,76a,64200.776317049545,15,24932484.199999988,0.25749851399504575
Governor,"BECERRA, XAVIER",76,Associations,53170.80432789531,28,24932484.199999988,0.2132591518012286
Governor,"BECERRA, XAVIER",90,Candidates/Political Parties,46932.2534826831,20,24932484.199999988,0.18823737380602903
Governor,"BECERRA, XAVIER",21,Oil and Gas,43355.54152670469,21,24932484.199999988,0.17389178382274767
Insurance Commissioner,"BRADFORD, STEVEN",99,99,73004.09708088868,121,196893.05,37.078046726834025
Insurance Commissioner,"BRADFORD, STEVEN",77,Unions,69124.03686049177,10,196893.05,35.10740316150914
Insurance Commissioner,"BRADFORD, STEVEN",40,Real Estate/Construction,14001.618643994407,3,196893.05,7.1112812991593195
Insurance Commissioner,"BRADFORD, STEVEN",50,Professional/Legal,10005.94961035782,3,196893.05,5.081921180233544
Insurance Commissioner,"BRADFORD, STEVEN",92a,Tribes,9800,1,196893.05,4.977321444306948
Insurance Commissioner,"BRADFORD, STEVEN",60,Healthcare/Education,7556.305721074954,3,196893.05,3.837771684208739
Insurance Commissioner,"BRADFORD, STEVEN",100,Retired/Homemaker/Student/Unemployed,7500,3,196893.05,3.8091745747247043
Insurance Commissioner,"BRADFORD, STEVEN",52,Finance/Insurance,2505.359024035537,2,196893.05,1.2724466526551024
Insurance Commissioner,"BRADFORD, STEVEN",20,Utilities/Infrastructure,1219.6404666284184,1,196893.05,0.6194431274381794
Insurance Commissioner,"BRADFORD, STEVEN",101,Unitemized Contributions,1003.05,5,196893.05,0.509439007623682
Insurance Commissioner,"BRADFORD, STEVEN",31-33,Manufacturing,807.037674507554,1,196893.05,0.40988631874388354
Insurance Commissioner,"BRADFORD, STEVEN",76,Associations,113.37912069428002,1,196893.05,0.057584115180439335
Insurance Commissioner,"BRADFORD, STEVEN",21,Oil and Gas,93.70816599732262,1,196893.05,0.04759343511481112
Insurance Commissioner,"BRADFORD, STEVEN",80,Other Industries,62.153375406387454,1,196893.05,0.031567074310844115
Insurance Commissioner,"BRADFORD, STEVEN",79,Technology,47.810288774144205,1,196893.05,0.02428236485449548
Insurance Commissioner,"BRADFORD, STEVEN",88,PACs,47.810288774144205,1,196893.05,0.02428236485449548
Insurance Commissioner,"BRADFORD, STEVEN",11,Agriculture/Livestock,0.546839187299707,1,196893.05,2.77734123830022e-4
Insurance Commissioner,"BRADFORD, STEVEN",70,"Entertainment, Media and Gambling",0.546839187299707,1,196893.05,2.77734123830022e-4
Insurance Commissioner,"BURKE, AUTUMN",100,Retired/Homemaker/Student/Unemployed,4900,1,10570,46.35761589403973
Insurance Commissioner,"BURKE, AUTUMN",99,99,3670,3,10570,34.72090823084201
Insurance Commissioner,"BURKE, AUTUMN",50,Professional/Legal,2000,1,10570,18.92147587511826
Insurance Commissioner,"FARREN, MERRITT",52,Finance/Insurance,205260.01,11,234125.01,87.6711163835081
Insurance Commissioner,"FARREN, MERRITT",99,99,28600,48,234125.01,12.215696221433156
Insurance Commissioner,"FARREN, MERRITT",101,Unitemized Contributions,265,3,234125.01,0.11318739505873378
Governor,"HILTON, STEVE",99,99,7928759.272001905,70948,18607279.81999769,42.611060556420924
Governor,"HILTON, STEVE",101,Unitemized Contributions,3375442.1799999997,6,18607279.81999769,18.140438649029885
Governor,"HILTON, STEVE",40,Real Estate/Construction,1296539.4009612552,157,18607279.81999769,6.9679147812236
Governor,"HILTON, STEVE",100,Retired/Homemaker/Student/Unemployed,1024806.8377356335,1582,18607279.81999769,5.507558588086846
Governor,"HILTON, STEVE",31-33,Manufacturing,1000694.5339296552,219,18607279.81999769,5.377973264282213
Governor,"HILTON, STEVE",100b,Major Donors,773740.2,79,18607279.81999769,4.158266052238559
Governor,"HILTON, STEVE",52,Finance/Insurance,728977.5255047512,78,18607279.81999769,3.917700666388117
Governor,"HILTON, STEVE",70,"Entertainment, Media and Gambling",401919.93725338334,25,18607279.81999769,2.1600144735902256
Governor,"HILTON, STEVE",100a,Megadonors,398400,18,18607279.81999769,2.1410974836409453
Governor,"HILTON, STEVE",80,Other Industries,352849.42112729413,57,18607279.81999769,1.896297710039693
Governor,"HILTON, STEVE",50,Professional/Legal,346159.04859769176,41,18607279.81999769,1.8603420378816806
Governor,"HILTON, STEVE",11,Agriculture/Livestock,286612.20047782344,47,18607279.81999769,1.540322944839011
Governor,"HILTON, STEVE",60,Healthcare/Education,199758.3305567941,26,18607279.81999769,1.0735493446070985
Governor,"HILTON, STEVE",79,Technology,191342.48350178002,13,18607279.81999769,1.0283205570764817
Governor,"HILTON, STEVE",20,Utilities/Infrastructure,132200,14,18607279.81999769,0.7104746168105748
Governor,"HILTON, STEVE",21,Oil and Gas,108403.20999999999,18,18607279.81999769,0.5825849401345405
Governor,"HILTON, STEVE",92,Government/Public Safety,49240.9,57,18607279.81999769,0.2646324474955207
Governor,"HILTON, STEVE",76,Associations,6434.338351768152,1,18607279.81999769,0.03457968286612756
Governor,"HILTON, STEVE",90,Candidates/Political Parties,5000,1,18607279.81999769,0.026871203358947608
Insurance Commissioner,"HOWELL, ROBERT P.",31-33,Manufacturing,50025,2,60795.67,82.28382054182477
Insurance Commissioner,"HOWELL, ROBERT P.",79,Technology,10000,1,60795.67,16.448539838445733
Insurance Commissioner,"HOWELL, ROBERT P.",99,99,765.67,4,60795.67,1.2594153498102743
Insurance Commissioner,"HOWELL, ROBERT P.",101,Unitemized Contributions,5,1,60795.67,0.008224269919222866
Insurance Commissioner,"KIM, JANE",99,99,281679.19014048437,829,991220.5500000002,28.417408228722085
Insurance Commissioner,"KIM, JANE",77,Unions,250715.58313616543,23,991220.5500000002,25.293622406856414
Insurance Commissioner,"KIM, JANE",100,Retired/Homemaker/Student/Unemployed,96413.7301830919,16,991220.5500000002,9.726768697752673
Insurance Commissioner,"KIM, JANE",50,Professional/Legal,90966.96972227043,17,991220.5500000002,9.177268340761339
Insurance Commissioner,"KIM, JANE",80,Other Industries,45221.86222682864,12,991220.5500000002,4.562240182250926
Insurance Commissioner,"KIM, JANE",101,Unitemized Contributions,38399.47,4,991220.5500000002,3.8739582225166735
Insurance Commissioner,"KIM, JANE",100a,Megadonors,32950.20428236682,7,991220.5500000002,3.3242051208852375
Insurance Commissioner,"KIM, JANE",40,Real Estate/Construction,30432.297928234282,7,991220.5500000002,3.070184322574252
Insurance Commissioner,"KIM, JANE",60,Healthcare/Education,29957.729858263923,11,991220.5500000002,3.0223071806031383
Insurance Commissioner,"KIM, JANE",79,Technology,24719.725978283797,7,991220.5500000002,2.493867381813643
Insurance Commissioner,"KIM, JANE",90,Candidates/Political Parties,23377.15435947651,4,991220.5500000002,2.3584210758621285
Insurance Commissioner,"KIM, JANE",52,Finance/Insurance,19672.956581909177,3,991220.5500000002,1.984720411810386
Insurance Commissioner,"KIM, JANE",70,"Entertainment, Media and Gambling",11612.120560539177,8,991220.5500000002,1.1714971567668946
Insurance Commissioner,"KIM, JANE",92,Government/Public Safety,9800,1,991220.5500000002,0.9886800672161205
Insurance Commissioner,"KIM, JANE",21,Oil and Gas,5000,1,991220.5500000002,0.5044286057225105
Insurance Commissioner,"KIM, JANE",20,Utilities/Infrastructure,165.9496892066416,1,991220.5500000002,0.01674195406931803
Insurance Commissioner,"KIM, JANE",31-33,Manufacturing,101.1303716700145,1,991220.5500000002,0.010202610475540936
Insurance Commissioner,"KIM, JANE",88,PACs,34.47415567755027,1,991220.5500000002,0.00347795005637749
Insurance Commissioner,"KIM, JANE",11,Agriculture/Livestock,8.255313523385955e-4,1,991220.5500000002,8.328432580807524e-8
Insurance Commissioner,"KORSGADEN, STACY",99,99,123508.10954943774,376,204486.3700000001,60.39918922196998
Insurance Commissioner,"KORSGADEN, STACY",52,Finance/Insurance,67995.05848126372,9,204486.3700000001,33.25163358382453
Insurance Commissioner,"KORSGADEN, STACY",50,Professional/Legal,5041.04336084113,2,204486.3700000001,2.4652221861247416
Insurance Commissioner,"KORSGADEN, STACY",90,Candidates/Political Parties,4822.769534914903,1,204486.3700000001,2.3584797044981043
Insurance Commissioner,"KORSGADEN, STACY",101,Unitemized Contributions,2555.99,4,204486.3700000001,1.2499561706728906
Insurance Commissioner,"KORSGADEN, STACY",100,Retired/Homemaker/Student/Unemployed,254.8717279741317,1,204486.3700000001,0.12463995912007804
Insurance Commissioner,"KORSGADEN, STACY",40,Real Estate/Construction,99.01357078949778,1,204486.3700000001,0.04842062128126081
Insurance Commissioner,"KORSGADEN, STACY",92a,Tribes,75.05639736709502,1,204486.3700000001,0.0367048411916623
Insurance Commissioner,"KORSGADEN, STACY",31-33,Manufacturing,58.64753510585669,1,204486.3700000001,0.02868041283429143
Insurance Commissioner,"KORSGADEN, STACY",60,Healthcare/Education,24.64932863163736,1,204486.3700000001,0.012054264854736943
Insurance Commissioner,"KORSGADEN, STACY",21,Oil and Gas,10.696443103040112,1,204486.3700000001,0.005230883164995352
Insurance Commissioner,"KORSGADEN, STACY",77,Unions,10.696443103040112,1,204486.3700000001,0.005230883164995352
Insurance Commissioner,"KORSGADEN, STACY",79,Technology,10.696443103040112,1,204486.3700000001,0.005230883164995352
Insurance Commissioner,"KORSGADEN, STACY",80,Other Industries,10.006402074521745,1,204486.3700000001,0.004893432297967703
Insurance Commissioner,"KORSGADEN, STACY",100a,Megadonors,9.06478229071196,1,204486.3700000001,0.004432951834741824
Insurance Commissioner,"LEE, SEAN",60,Healthcare/Education,34173.92,6,69068.43000000002,49.478350673382884
Insurance Commissioner,"LEE, SEAN",99,99,20260.66,48,69068.43000000002,29.334183504677885
Insurance Commissioner,"LEE, SEAN",80,Other Industries,8000,1,69068.43000000002,11.58271586598971
Insurance Commissioner,"LEE, SEAN",52,Finance/Insurance,6000,1,69068.43000000002,8.687036899492282
Insurance Commissioner,"LEE, SEAN",101,Unitemized Contributions,633.85,3,69068.43000000002,0.9177130564571973
Insurance Commissioner,"MC GUIRE, MIKE",77,Unions,246212.42444024511,27,844085.0699999997,29.169148133403805
Insurance Commissioner,"MC GUIRE, MIKE",99,99,199591.23259230997,330,844085.0699999997,23.64586694944267
Insurance Commissioner,"MC GUIRE, MIKE",60,Healthcare/Education,106222.40244125752,23,844085.0699999997,12.584324283956066
Insurance Commissioner,"MC GUIRE, MIKE",80,Other Industries,67211.08759371331,16,844085.0699999997,7.9625964233336495
Insurance Commissioner,"MC GUIRE, MIKE",50,Professional/Legal,56698.56802568808,19,844085.0699999997,6.717162764848821
Insurance Commissioner,"MC GUIRE, MIKE",31-33,Manufacturing,41653.842620138275,8,844085.0699999997,4.934792013337979
Insurance Commissioner,"MC GUIRE, MIKE",20,Utilities/Infrastructure,23471.139318245147,10,844085.0699999997,2.780660404080498
Insurance Commissioner,"MC GUIRE, MIKE",92a,Tribes,19600,5,844085.0699999997,2.3220408341069234
Insurance Commissioner,"MC GUIRE, MIKE",79,Technology,19261.825883467176,12,844085.0699999997,2.2819768490239003
Insurance Commissioner,"MC GUIRE, MIKE",70,"Entertainment, Media and Gambling",18627.01783181136,7,844085.0699999997,2.2067702052603972
Insurance Commissioner,"MC GUIRE, MIKE",52,Finance/Insurance,14089.38436327432,8,844085.0699999997,1.669190092803599
Insurance Commissioner,"MC GUIRE, MIKE",11,Agriculture/Livestock,11500.010671044414,5,844085.0699999997,1.362423182185229
Insurance Commissioner,"MC GUIRE, MIKE",76,Associations,5034.735893291524,3,844085.0699999997,0.59647256801871
Insurance Commissioner,"MC GUIRE, MIKE",100,Retired/Homemaker/Student/Unemployed,5017.241795577898,3,844085.0699999997,0.5944000165265214
Insurance Commissioner,"MC GUIRE, MIKE",100a,Megadonors,4524.70217095058,6,844085.0699999997,0.5360481226081373
Insurance Commissioner,"MC GUIRE, MIKE",40,Real Estate/Construction,2817.366581241776,8,844085.0699999997,0.3337775635863074
Insurance Commissioner,"MC GUIRE, MIKE",101,Unitemized Contributions,2545,2,844085.0699999997,0.3015098940205163
Insurance Commissioner,"MC GUIRE, MIKE",92,Government/Public Safety,4.3261802729856695,2,844085.0699999997,5.125289413051307e-4
Insurance Commissioner,"MC GUIRE, MIKE",21,Oil and Gas,1.8286253520777276,2,844085.0699999997,2.1663993560243024e-4
Insurance Commissioner,"MC GUIRE, MIKE",88,PACs,0.9329721184070041,2,844085.0699999997,1.1053057938899503e-4
OPPOSED: PROPOSITION 040 - IMPOSES ONE-TIME TAX ON CERTAIN INDIVIDUALS AND TRUSTS. INITIATIVE CONSTITUTIONAL AMENDMENT AND STATUTE.,OPPOSED: PROPOSITION 040 - IMPOSES ONE-TIME TAX ON CERTAIN INDIVIDUALS AND TRUSTS. INITIATIVE CONSTITUTIONAL AMENDMENT AND STATUTE.,79,Technology,10052541.752257343,9,11270000.00000001,89.19735361364096
OPPOSED: PROPOSITION 040 - IMPOSES ONE-TIME TAX ON CERTAIN INDIVIDUALS AND TRUSTS. INITIATIVE CONSTITUTIONAL AMENDMENT AND STATUTE.,OPPOSED: PROPOSITION 040 - IMPOSES ONE-TIME TAX ON CERTAIN INDIVIDUALS AND TRUSTS. INITIATIVE CONSTITUTIONAL AMENDMENT AND STATUTE.,52,Finance/Insurance,532059.4058032606,9,11270000.00000001,4.7210240089020425
OPPOSED: PROPOSITION 040 - IMPOSES ONE-TIME TAX ON CERTAIN INDIVIDUALS AND TRUSTS. INITIATIVE CONSTITUTIONAL AMENDMENT AND STATUTE.,OPPOSED: PROPOSITION 040 - IMPOSES ONE-TIME TAX ON CERTAIN INDIVIDUALS AND TRUSTS. INITIATIVE CONSTITUTIONAL AMENDMENT AND STATUTE.,100,Retired/Homemaker/Student/Unemployed,224349.83773509142,7,11270000.00000001,1.9906817900185558
OPPOSED: PROPOSITION 040 - IMPOSES ONE-TIME TAX ON CERTAIN INDIVIDUALS AND TRUSTS. INITIATIVE CONSTITUTIONAL AMENDMENT AND STATUTE.,OPPOSED: PROPOSITION 040 - IMPOSES ONE-TIME TAX ON CERTAIN INDIVIDUALS AND TRUSTS. INITIATIVE CONSTITUTIONAL AMENDMENT AND STATUTE.,40,Real Estate/Construction,128881.77587786643,8,11270000.00000001,1.1435827495817774
OPPOSED: PROPOSITION 040 - IMPOSES ONE-TIME TAX ON CERTAIN INDIVIDUALS AND TRUSTS. INITIATIVE CONSTITUTIONAL AMENDMENT AND STATUTE.,OPPOSED: PROPOSITION 040 - IMPOSES ONE-TIME TAX ON CERTAIN INDIVIDUALS AND TRUSTS. INITIATIVE CONSTITUTIONAL AMENDMENT AND STATUTE.,31-33,Manufacturing,100934.0755956861,8,11270000.00000001,0.8955996059954393
OPPOSED: PROPOSITION 040 - IMPOSES ONE-TIME TAX ON CERTAIN INDIVIDUALS AND TRUSTS. INITIATIVE CONSTITUTIONAL AMENDMENT AND STATUTE.,OPPOSED: PROPOSITION 040 - IMPOSES ONE-TIME TAX ON CERTAIN INDIVIDUALS AND TRUSTS. INITIATIVE CONSTITUTIONAL AMENDMENT AND STATUTE.,60,Healthcare/Education,100000,1,11270000.00000001,0.8873114463176568
OPPOSED: PROPOSITION 040 - IMPOSES ONE-TIME TAX ON CERTAIN INDIVIDUALS AND TRUSTS. INITIATIVE CONSTITUTIONAL AMENDMENT AND STATUTE.,OPPOSED: PROPOSITION 040 - IMPOSES ONE-TIME TAX ON CERTAIN INDIVIDUALS AND TRUSTS. INITIATIVE CONSTITUTIONAL AMENDMENT AND STATUTE.,80,Other Industries,100000,1,11270000.00000001,0.8873114463176568
OPPOSED: PROPOSITION 040 - IMPOSES ONE-TIME TAX ON CERTAIN INDIVIDUALS AND TRUSTS. INITIATIVE CONSTITUTIONAL AMENDMENT AND STATUTE.,OPPOSED: PROPOSITION 040 - IMPOSES ONE-TIME TAX ON CERTAIN INDIVIDUALS AND TRUSTS. INITIATIVE CONSTITUTIONAL AMENDMENT AND STATUTE.,100a,Megadonors,14594.93118259501,7,11270000.00000001,0.1295024949653505
OPPOSED: PROPOSITION 040 - IMPOSES ONE-TIME TAX ON CERTAIN INDIVIDUALS AND TRUSTS. INITIATIVE CONSTITUTIONAL AMENDMENT AND STATUTE.,OPPOSED: PROPOSITION 040 - IMPOSES ONE-TIME TAX ON CERTAIN INDIVIDUALS AND TRUSTS. INITIATIVE CONSTITUTIONAL AMENDMENT AND STATUTE.,99,Uncategorized,10508.350451468408,7,11270000.00000001,0.09324179637505234
OPPOSED: PROPOSITION 040 - IMPOSES ONE-TIME TAX ON CERTAIN INDIVIDUALS AND TRUSTS. INITIATIVE CONSTITUTIONAL AMENDMENT AND STATUTE.,OPPOSED: PROPOSITION 040 - IMPOSES ONE-TIME TAX ON CERTAIN INDIVIDUALS AND TRUSTS. INITIATIVE CONSTITUTIONAL AMENDMENT AND STATUTE.,50,Professional/Legal,5837.972473038004,7,11270000.00000001,0.05180099798614019
OPPOSED: PROPOSITION 040 - IMPOSES ONE-TIME TAX ON CERTAIN INDIVIDUALS AND TRUSTS. INITIATIVE CONSTITUTIONAL AMENDMENT AND STATUTE.,OPPOSED: PROPOSITION 040 - IMPOSES ONE-TIME TAX ON CERTAIN INDIVIDUALS AND TRUSTS. INITIATIVE CONSTITUTIONAL AMENDMENT AND STATUTE.,20,Utilities/Infrastructure,291.89862365190027,7,11270000.00000001,0.00259004989930701
SUPPORTED: PROPOSITION 040 - IMPOSES ONE-TIME TAX ON CERTAIN INDIVIDUALS AND TRUSTS. INITIATIVE CONSTITUTIONAL AMENDMENT AND STATUTE.,SUPPORTED: PROPOSITION 040 - IMPOSES ONE-TIME TAX ON CERTAIN INDIVIDUALS AND TRUSTS. INITIATIVE CONSTITUTIONAL AMENDMENT AND STATUTE.,77,Unions,31425235.4,81,31432930.42,99.97551924081787
SUPPORTED: PROPOSITION 040 - IMPOSES ONE-TIME TAX ON CERTAIN INDIVIDUALS AND TRUSTS. INITIATIVE CONSTITUTIONAL AMENDMENT AND STATUTE.,SUPPORTED: PROPOSITION 040 - IMPOSES ONE-TIME TAX ON CERTAIN INDIVIDUALS AND TRUSTS. INITIATIVE CONSTITUTIONAL AMENDMENT AND STATUTE.,99,99,7695.02,35,31432930.42,0.024480759182108736
SUPPORTED: PROPOSITION 041 - REQUIRES AUDITS OF PROGRAMS FUNDED BY NEW STATE SPECIAL TAXES. PROHIBITS NEW STATE TAXES THAT ARE EXCLUDED FROM EXISTING VOTER-APPROVED STATE SPENDING LIMIT...,SUPPORTED: PROPOSITION 041 - REQUIRES AUDITS OF PROGRAMS FUNDED BY NEW STATE SPECIAL TAXES. PROHIBITS NEW STATE TAXES THAT ARE EXCLUDED FROM EXISTING VOTER-APPROVED STATE SPENDING LIMIT...,79,Technology,44945437.07561534,9,58276335.920000024,77.12467911042839
SUPPORTED: PROPOSITION 041 - REQUIRES AUDITS OF PROGRAMS FUNDED BY NEW STATE SPECIAL TAXES. PROHIBITS NEW STATE TAXES THAT ARE EXCLUDED FROM EXISTING VOTER-APPROVED STATE SPENDING LIMIT...,SUPPORTED: PROPOSITION 041 - REQUIRES AUDITS OF PROGRAMS FUNDED BY NEW STATE SPECIAL TAXES. PROHIBITS NEW STATE TAXES THAT ARE EXCLUDED FROM EXISTING VOTER-APPROVED STATE SPENDING LIMIT...,52,Finance/Insurance,7807485.002283846,9,58276335.920000024,13.397350535218486
SUPPORTED: PROPOSITION 041 - REQUIRES AUDITS OF PROGRAMS FUNDED BY NEW STATE SPECIAL TAXES. PROHIBITS NEW STATE TAXES THAT ARE EXCLUDED FROM EXISTING VOTER-APPROVED STATE SPENDING LIMIT...,SUPPORTED: PROPOSITION 041 - REQUIRES AUDITS OF PROGRAMS FUNDED BY NEW STATE SPECIAL TAXES. PROHIBITS NEW STATE TAXES THAT ARE EXCLUDED FROM EXISTING VOTER-APPROVED STATE SPENDING LIMIT...,100,Retired/Homemaker/Student/Unemployed,4444657.3201786745,9,58276335.920000024,7.626864747090766
SUPPORTED: PROPOSITION 041 - REQUIRES AUDITS OF PROGRAMS FUNDED BY NEW STATE SPECIAL TAXES. PROHIBITS NEW STATE TAXES THAT ARE EXCLUDED FROM EXISTING VOTER-APPROVED STATE SPENDING LIMIT...,SUPPORTED: PROPOSITION 041 - REQUIRES AUDITS OF PROGRAMS FUNDED BY NEW STATE SPECIAL TAXES. PROHIBITS NEW STATE TAXES THAT ARE EXCLUDED FROM EXISTING VOTER-APPROVED STATE SPENDING LIMIT...,31-33,Manufacturing,1055126.5671236909,9,58276335.920000024,1.8105574938207105
SUPPORTED: PROPOSITION 041 - REQUIRES AUDITS OF PROGRAMS FUNDED BY NEW STATE SPECIAL TAXES. PROHIBITS NEW STATE TAXES THAT ARE EXCLUDED FROM EXISTING VOTER-APPROVED STATE SPENDING LIMIT...,SUPPORTED: PROPOSITION 041 - REQUIRES AUDITS OF PROGRAMS FUNDED BY NEW STATE SPECIAL TAXES. PROHIBITS NEW STATE TAXES THAT ARE EXCLUDED FROM EXISTING VOTER-APPROVED STATE SPENDING LIMIT...,99,99,22807.034206593005,11,58276335.920000024,0.03913601266541844
SUPPORTED: PROPOSITION 041 - REQUIRES AUDITS OF PROGRAMS FUNDED BY NEW STATE SPECIAL TAXES. PROHIBITS NEW STATE TAXES THAT ARE EXCLUDED FROM EXISTING VOTER-APPROVED STATE SPENDING LIMIT...,SUPPORTED: PROPOSITION 041 - REQUIRES AUDITS OF PROGRAMS FUNDED BY NEW STATE SPECIAL TAXES. PROHIBITS NEW STATE TAXES THAT ARE EXCLUDED FROM EXISTING VOTER-APPROVED STATE SPENDING LIMIT...,40,Real Estate/Construction,287.2505628878856,1,58276335.920000024,4.929111591405034e-4
SUPPORTED: PROPOSITION 041 - REQUIRES AUDITS OF PROGRAMS FUNDED BY NEW STATE SPECIAL TAXES. PROHIBITS NEW STATE TAXES THAT ARE EXCLUDED FROM EXISTING VOTER-APPROVED STATE SPENDING LIMIT...,SUPPORTED: PROPOSITION 041 - REQUIRES AUDITS OF PROGRAMS FUNDED BY NEW STATE SPECIAL TAXES. PROHIBITS NEW STATE TAXES THAT ARE EXCLUDED FROM EXISTING VOTER-APPROVED STATE SPENDING LIMIT...,60,Healthcare/Education,168.33632982841632,1,58276335.920000024,2.888588089331891e-4
SUPPORTED: PROPOSITION 041 - REQUIRES AUDITS OF PROGRAMS FUNDED BY NEW STATE SPECIAL TAXES. PROHIBITS NEW STATE TAXES THAT ARE EXCLUDED FROM EXISTING VOTER-APPROVED STATE SPENDING LIMIT...,SUPPORTED: PROPOSITION 041 - REQUIRES AUDITS OF PROGRAMS FUNDED BY NEW STATE SPECIAL TAXES. PROHIBITS NEW STATE TAXES THAT ARE EXCLUDED FROM EXISTING VOTER-APPROVED STATE SPENDING LIMIT...,50,Professional/Legal,153.57398365377895,1,58276335.920000024,2.635271782779903e-4
SUPPORTED: PROPOSITION 041 - REQUIRES AUDITS OF PROGRAMS FUNDED BY NEW STATE SPECIAL TAXES. PROHIBITS NEW STATE TAXES THAT ARE EXCLUDED FROM EXISTING VOTER-APPROVED STATE SPENDING LIMIT...,SUPPORTED: PROPOSITION 041 - REQUIRES AUDITS OF PROGRAMS FUNDED BY NEW STATE SPECIAL TAXES. PROHIBITS NEW STATE TAXES THAT ARE EXCLUDED FROM EXISTING VOTER-APPROVED STATE SPENDING LIMIT...,90,Candidates/Political Parties,85.0244956989813,1,58276335.920000024,1.4589883587688205e-4
SUPPORTED: PROPOSITION 041 - REQUIRES AUDITS OF PROGRAMS FUNDED BY NEW STATE SPECIAL TAXES. PROHIBITS NEW STATE TAXES THAT ARE EXCLUDED FROM EXISTING VOTER-APPROVED STATE SPENDING LIMIT...,SUPPORTED: PROPOSITION 041 - REQUIRES AUDITS OF PROGRAMS FUNDED BY NEW STATE SPECIAL TAXES. PROHIBITS NEW STATE TAXES THAT ARE EXCLUDED FROM EXISTING VOTER-APPROVED STATE SPENDING LIMIT...,20,Utilities/Infrastructure,71.61686283389679,1,58276335.920000024,1.2289184229463264e-4
SUPPORTED: PROPOSITION 041 - REQUIRES AUDITS OF PROGRAMS FUNDED BY NEW STATE SPECIAL TAXES. PROHIBITS NEW STATE TAXES THAT ARE EXCLUDED FROM EXISTING VOTER-APPROVED STATE SPENDING LIMIT...,SUPPORTED: PROPOSITION 041 - REQUIRES AUDITS OF PROGRAMS FUNDED BY NEW STATE SPECIAL TAXES. PROHIBITS NEW STATE TAXES THAT ARE EXCLUDED FROM EXISTING VOTER-APPROVED STATE SPENDING LIMIT...,100a,Megadonors,35.566716250880404,1,58276335.920000024,6.103114701601231e-5
SUPPORTED: PROPOSITION 041 - REQUIRES AUDITS OF PROGRAMS FUNDED BY NEW STATE SPECIAL TAXES. PROHIBITS NEW STATE TAXES THAT ARE EXCLUDED FROM EXISTING VOTER-APPROVED STATE SPENDING LIMIT...,SUPPORTED: PROPOSITION 041 - REQUIRES AUDITS OF PROGRAMS FUNDED BY NEW STATE SPECIAL TAXES. PROHIBITS NEW STATE TAXES THAT ARE EXCLUDED FROM EXISTING VOTER-APPROVED STATE SPENDING LIMIT...,88,PACs,17.86010974739518,1,58276335.920000024,3.064727640377561e-5
SUPPORTED: PROPOSITION 041 - REQUIRES AUDITS OF PROGRAMS FUNDED BY NEW STATE SPECIAL TAXES. PROHIBITS NEW STATE TAXES THAT ARE EXCLUDED FROM EXISTING VOTER-APPROVED STATE SPENDING LIMIT...,SUPPORTED: PROPOSITION 041 - REQUIRES AUDITS OF PROGRAMS FUNDED BY NEW STATE SPECIAL TAXES. PROHIBITS NEW STATE TAXES THAT ARE EXCLUDED FROM EXISTING VOTER-APPROVED STATE SPENDING LIMIT...,92a,Tribes,1.7894797125531663,1,58276335.920000024,3.070679863966927e-6
SUPPORTED: PROPOSITION 041 - REQUIRES AUDITS OF PROGRAMS FUNDED BY NEW STATE SPECIAL TAXES. PROHIBITS NEW STATE TAXES THAT ARE EXCLUDED FROM EXISTING VOTER-APPROVED STATE SPENDING LIMIT...,SUPPORTED: PROPOSITION 041 - REQUIRES AUDITS OF PROGRAMS FUNDED BY NEW STATE SPECIAL TAXES. PROHIBITS NEW STATE TAXES THAT ARE EXCLUDED FROM EXISTING VOTER-APPROVED STATE SPENDING LIMIT...,21,Oil and Gas,0.7552906087454951,1,58276335.920000024,1.2960502694993298e-6
SUPPORTED: PROPOSITION 041 - REQUIRES AUDITS OF PROGRAMS FUNDED BY NEW STATE SPECIAL TAXES. PROHIBITS NEW STATE TAXES THAT ARE EXCLUDED FROM EXISTING VOTER-APPROVED STATE SPENDING LIMIT...,SUPPORTED: PROPOSITION 041 - REQUIRES AUDITS OF PROGRAMS FUNDED BY NEW STATE SPECIAL TAXES. PROHIBITS NEW STATE TAXES THAT ARE EXCLUDED FROM EXISTING VOTER-APPROVED STATE SPENDING LIMIT...,11,Agriculture/Livestock,0.623487502315483,1,58276335.920000024,1.069881097485929e-6
SUPPORTED: PROPOSITION 041 - REQUIRES AUDITS OF PROGRAMS FUNDED BY NEW STATE SPECIAL TAXES. PROHIBITS NEW STATE TAXES THAT ARE EXCLUDED FROM EXISTING VOTER-APPROVED STATE SPENDING LIMIT...,SUPPORTED: PROPOSITION 041 - REQUIRES AUDITS OF PROGRAMS FUNDED BY NEW STATE SPECIAL TAXES. PROHIBITS NEW STATE TAXES THAT ARE EXCLUDED FROM EXISTING VOTER-APPROVED STATE SPENDING LIMIT...,80,Other Industries,0.3513050578135969,1,58276335.920000024,6.028262626117362e-7
SUPPORTED: PROPOSITION 041 - REQUIRES AUDITS OF PROGRAMS FUNDED BY NEW STATE SPECIAL TAXES. PROHIBITS NEW STATE TAXES THAT ARE EXCLUDED FROM EXISTING VOTER-APPROVED STATE SPENDING LIMIT...,SUPPORTED: PROPOSITION 041 - REQUIRES AUDITS OF PROGRAMS FUNDED BY NEW STATE SPECIAL TAXES. PROHIBITS NEW STATE TAXES THAT ARE EXCLUDED FROM EXISTING VOTER-APPROVED STATE SPENDING LIMIT...,77,Unions,0.168932207021579,1,58276335.920000024,2.8988131177890793e-7
SUPPORTED: PROPOSITION 041 - REQUIRES AUDITS OF PROGRAMS FUNDED BY NEW STATE SPECIAL TAXES. PROHIBITS NEW STATE TAXES THAT ARE EXCLUDED FROM EXISTING VOTER-APPROVED STATE SPENDING LIMIT...,SUPPORTED: PROPOSITION 041 - REQUIRES AUDITS OF PROGRAMS FUNDED BY NEW STATE SPECIAL TAXES. PROHIBITS NEW STATE TAXES THAT ARE EXCLUDED FROM EXISTING VOTER-APPROVED STATE SPENDING LIMIT...,70,"Entertainment, Media and Gambling",0.001972777064389139,1,58276335.920000024,3.3852112238101368e-9
SUPPORTED: PROPOSITION 041 - REQUIRES AUDITS OF PROGRAMS FUNDED BY NEW STATE SPECIAL TAXES. PROHIBITS NEW STATE TAXES THAT ARE EXCLUDED FROM EXISTING VOTER-APPROVED STATE SPENDING LIMIT...,SUPPORTED: PROPOSITION 041 - REQUIRES AUDITS OF PROGRAMS FUNDED BY NEW STATE SPECIAL TAXES. PROHIBITS NEW STATE TAXES THAT ARE EXCLUDED FROM EXISTING VOTER-APPROVED STATE SPENDING LIMIT...,92,Government/Public Safety,9.677020372762704e-4,1,58276335.920000024,1.660540289637808e-9
SUPPORTED: PROPOSITION 041 - REQUIRES AUDITS OF PROGRAMS FUNDED BY NEW STATE SPECIAL TAXES. PROHIBITS NEW STATE TAXES THAT ARE EXCLUDED FROM EXISTING VOTER-APPROVED STATE SPENDING LIMIT...,SUPPORTED: PROPOSITION 041 - REQUIRES AUDITS OF PROGRAMS FUNDED BY NEW STATE SPECIAL TAXES. PROHIBITS NEW STATE TAXES THAT ARE EXCLUDED FROM EXISTING VOTER-APPROVED STATE SPENDING LIMIT...,76,Associations,9.538836742459612e-5,1,58276335.920000024,1.6368284985442867e-10
SUPPORTED: PROPOSITION 042 - PROHIBITS NEW STATE PERSONAL PROPERTY TAXES AND CERTAIN RETROACTIVE STATE TAXES. INITIATIVE CONSTITUTIONAL AMENDMENT.,SUPPORTED: PROPOSITION 042 - PROHIBITS NEW STATE PERSONAL PROPERTY TAXES AND CERTAIN RETROACTIVE STATE TAXES. INITIATIVE CONSTITUTIONAL AMENDMENT.,79,Technology,45717035.26878001,9,59277037.26000001,77.12435941806042
SUPPORTED: PROPOSITION 042 - PROHIBITS NEW STATE PERSONAL PROPERTY TAXES AND CERTAIN RETROACTIVE STATE TAXES. INITIATIVE CONSTITUTIONAL AMENDMENT.,SUPPORTED: PROPOSITION 042 - PROHIBITS NEW STATE PERSONAL PROPERTY TAXES AND CERTAIN RETROACTIVE STATE TAXES. INITIATIVE CONSTITUTIONAL AMENDMENT.,52,Finance/Insurance,7941520.553399915,9,59277037.26000001,13.397296694446691
SUPPORTED: PROPOSITION 042 - PROHIBITS NEW STATE PERSONAL PROPERTY TAXES AND CERTAIN RETROACTIVE STATE TAXES. INITIATIVE CONSTITUTIONAL AMENDMENT.,SUPPORTED: PROPOSITION 042 - PROHIBITS NEW STATE PERSONAL PROPERTY TAXES AND CERTAIN RETROACTIVE STATE TAXES. INITIATIVE CONSTITUTIONAL AMENDMENT.,100,Retired/Homemaker/Student/Unemployed,4520999.292153043,9,59277037.26000001,7.626898207349848
SUPPORTED: PROPOSITION 042 - PROHIBITS NEW STATE PERSONAL PROPERTY TAXES AND CERTAIN RETROACTIVE STATE TAXES. INITIATIVE CONSTITUTIONAL AMENDMENT.,SUPPORTED: PROPOSITION 042 - PROHIBITS NEW STATE PERSONAL PROPERTY TAXES AND CERTAIN RETROACTIVE STATE TAXES. INITIATIVE CONSTITUTIONAL AMENDMENT.,31-33,Manufacturing,1073241.5203879909,9,59277037.26000001,1.8105518932745504
SUPPORTED: PROPOSITION 042 - PROHIBITS NEW STATE PERSONAL PROPERTY TAXES AND CERTAIN RETROACTIVE STATE TAXES. INITIATIVE CONSTITUTIONAL AMENDMENT.,SUPPORTED: PROPOSITION 042 - PROHIBITS NEW STATE PERSONAL PROPERTY TAXES AND CERTAIN RETROACTIVE STATE TAXES. INITIATIVE CONSTITUTIONAL AMENDMENT.,99,99,23390.183084736716,10,59277037.26000001,0.03945909607820489
SUPPORTED: PROPOSITION 042 - PROHIBITS NEW STATE PERSONAL PROPERTY TAXES AND CERTAIN RETROACTIVE STATE TAXES. INITIATIVE CONSTITUTIONAL AMENDMENT.,SUPPORTED: PROPOSITION 042 - PROHIBITS NEW STATE PERSONAL PROPERTY TAXES AND CERTAIN RETROACTIVE STATE TAXES. INITIATIVE CONSTITUTIONAL AMENDMENT.,40,Real Estate/Construction,296.8573170183414,1,59277037.26000001,5.007964816397123e-4
SUPPORTED: PROPOSITION 042 - PROHIBITS NEW STATE PERSONAL PROPERTY TAXES AND CERTAIN RETROACTIVE STATE TAXES. INITIATIVE CONSTITUTIONAL AMENDMENT.,SUPPORTED: PROPOSITION 042 - PROHIBITS NEW STATE PERSONAL PROPERTY TAXES AND CERTAIN RETROACTIVE STATE TAXES. INITIATIVE CONSTITUTIONAL AMENDMENT.,60,Healthcare/Education,173.9661385766627,1,59277037.26000001,2.934798137997605e-4
SUPPORTED: PROPOSITION 042 - PROHIBITS NEW STATE PERSONAL PROPERTY TAXES AND CERTAIN RETROACTIVE STATE TAXES. INITIATIVE CONSTITUTIONAL AMENDMENT.,SUPPORTED: PROPOSITION 042 - PROHIBITS NEW STATE PERSONAL PROPERTY TAXES AND CERTAIN RETROACTIVE STATE TAXES. INITIATIVE CONSTITUTIONAL AMENDMENT.,50,Professional/Legal,158.71008325603572,1,59277037.26000001,2.67742941604696e-4
SUPPORTED: PROPOSITION 042 - PROHIBITS NEW STATE PERSONAL PROPERTY TAXES AND CERTAIN RETROACTIVE STATE TAXES. INITIATIVE CONSTITUTIONAL AMENDMENT.,SUPPORTED: PROPOSITION 042 - PROHIBITS NEW STATE PERSONAL PROPERTY TAXES AND CERTAIN RETROACTIVE STATE TAXES. INITIATIVE CONSTITUTIONAL AMENDMENT.,90,Candidates/Political Parties,87.86803903979946,1,59277037.26000001,1.4823284546829497e-4
SUPPORTED: PROPOSITION 042 - PROHIBITS NEW STATE PERSONAL PROPERTY TAXES AND CERTAIN RETROACTIVE STATE TAXES. INITIATIVE CONSTITUTIONAL AMENDMENT.,SUPPORTED: PROPOSITION 042 - PROHIBITS NEW STATE PERSONAL PROPERTY TAXES AND CERTAIN RETROACTIVE STATE TAXES. INITIATIVE CONSTITUTIONAL AMENDMENT.,20,Utilities/Infrastructure,74.01200380741807,1,59277037.26000001,1.2485779861565578e-4
SUPPORTED: PROPOSITION 042 - PROHIBITS NEW STATE PERSONAL PROPERTY TAXES AND CERTAIN RETROACTIVE STATE TAXES. INITIATIVE CONSTITUTIONAL AMENDMENT.,SUPPORTED: PROPOSITION 042 - PROHIBITS NEW STATE PERSONAL PROPERTY TAXES AND CERTAIN RETROACTIVE STATE TAXES. INITIATIVE CONSTITUTIONAL AMENDMENT.,100a,Megadonors,36.756202860810056,1,59277037.26000001,6.200748984735957e-5
SUPPORTED: PROPOSITION 042 - PROHIBITS NEW STATE PERSONAL PROPERTY TAXES AND CERTAIN RETROACTIVE STATE TAXES. INITIATIVE CONSTITUTIONAL AMENDMENT.,SUPPORTED: PROPOSITION 042 - PROHIBITS NEW STATE PERSONAL PROPERTY TAXES AND CERTAIN RETROACTIVE STATE TAXES. INITIATIVE CONSTITUTIONAL AMENDMENT.,88,PACs,18.457419919257752,1,59277037.26000001,3.113755473017335e-5
SUPPORTED: PROPOSITION 042 - PROHIBITS NEW STATE PERSONAL PROPERTY TAXES AND CERTAIN RETROACTIVE STATE TAXES. INITIATIVE CONSTITUTIONAL AMENDMENT.,SUPPORTED: PROPOSITION 042 - PROHIBITS NEW STATE PERSONAL PROPERTY TAXES AND CERTAIN RETROACTIVE STATE TAXES. INITIATIVE CONSTITUTIONAL AMENDMENT.,92a,Tribes,1.849326737558464,1,59277037.26000001,3.1198029170165443e-6
SUPPORTED: PROPOSITION 042 - PROHIBITS NEW STATE PERSONAL PROPERTY TAXES AND CERTAIN RETROACTIVE STATE TAXES. INITIATIVE CONSTITUTIONAL AMENDMENT.,SUPPORTED: PROPOSITION 042 - PROHIBITS NEW STATE PERSONAL PROPERTY TAXES AND CERTAIN RETROACTIVE STATE TAXES. INITIATIVE CONSTITUTIONAL AMENDMENT.,21,Oil and Gas,0.7805504066804857,1,59277037.26000001,1.3167837711875642e-6
SUPPORTED: PROPOSITION 042 - PROHIBITS NEW STATE PERSONAL PROPERTY TAXES AND CERTAIN RETROACTIVE STATE TAXES. INITIATIVE CONSTITUTIONAL AMENDMENT.,SUPPORTED: PROPOSITION 042 - PROHIBITS NEW STATE PERSONAL PROPERTY TAXES AND CERTAIN RETROACTIVE STATE TAXES. INITIATIVE CONSTITUTIONAL AMENDMENT.,11,Agriculture/Livestock,0.6443393017965328,1,59277037.26000001,1.0869964687511992e-6
SUPPORTED: PROPOSITION 042 - PROHIBITS NEW STATE PERSONAL PROPERTY TAXES AND CERTAIN RETROACTIVE STATE TAXES. INITIATIVE CONSTITUTIONAL AMENDMENT.,SUPPORTED: PROPOSITION 042 - PROHIBITS NEW STATE PERSONAL PROPERTY TAXES AND CERTAIN RETROACTIVE STATE TAXES. INITIATIVE CONSTITUTIONAL AMENDMENT.,80,Other Industries,0.36305403849886025,1,59277037.26000001,6.124699466784049e-7
SUPPORTED: PROPOSITION 042 - PROHIBITS NEW STATE PERSONAL PROPERTY TAXES AND CERTAIN RETROACTIVE STATE TAXES. INITIATIVE CONSTITUTIONAL AMENDMENT.,SUPPORTED: PROPOSITION 042 - PROHIBITS NEW STATE PERSONAL PROPERTY TAXES AND CERTAIN RETROACTIVE STATE TAXES. INITIATIVE CONSTITUTIONAL AMENDMENT.,77,Unions,0.17458194417528822,1,59277037.26000001,2.9451867408544665e-7
SUPPORTED: PROPOSITION 042 - PROHIBITS NEW STATE PERSONAL PROPERTY TAXES AND CERTAIN RETROACTIVE STATE TAXES. INITIATIVE CONSTITUTIONAL AMENDMENT.,SUPPORTED: PROPOSITION 042 - PROHIBITS NEW STATE PERSONAL PROPERTY TAXES AND CERTAIN RETROACTIVE STATE TAXES. INITIATIVE CONSTITUTIONAL AMENDMENT.,70,"Entertainment, Media and Gambling",0.002038754251766091,1,59277037.26000001,3.4393659771215266e-9
SUPPORTED: PROPOSITION 042 - PROHIBITS NEW STATE PERSONAL PROPERTY TAXES AND CERTAIN RETROACTIVE STATE TAXES. INITIATIVE CONSTITUTIONAL AMENDMENT.,SUPPORTED: PROPOSITION 042 - PROHIBITS NEW STATE PERSONAL PROPERTY TAXES AND CERTAIN RETROACTIVE STATE TAXES. INITIATIVE CONSTITUTIONAL AMENDMENT.,92,Government/Public Safety,0.0010000656833217014,1,59277037.26000001,1.6871047028467852e-9
SUPPORTED: PROPOSITION 042 - PROHIBITS NEW STATE PERSONAL PROPERTY TAXES AND CERTAIN RETROACTIVE STATE TAXES. INITIATIVE CONSTITUTIONAL AMENDMENT.,SUPPORTED: PROPOSITION 042 - PROHIBITS NEW STATE PERSONAL PROPERTY TAXES AND CERTAIN RETROACTIVE STATE TAXES. INITIATIVE CONSTITUTIONAL AMENDMENT.,76,Associations,9.85785181541226e-5,1,59277037.26000001,1.6630135835186744e-10
Insurance Commissioner,"UMBERG, THOMAS J.",50,Professional/Legal,171454.1302133714,26,364646.8999999999,47.01922057019309
Insurance Commissioner,"UMBERG, THOMAS J.",99,99,89412.55076315493,57,364646.8999999999,24.520310131021255
Insurance Commissioner,"UMBERG, THOMAS J.",77,Unions,38024.918745441086,8,364646.8999999999,10.427873854252182
Insurance Commissioner,"UMBERG, THOMAS J.",79,Technology,17322.912333167948,7,364646.8999999999,4.75059909549977
Insurance Commissioner,"UMBERG, THOMAS J.",92a,Tribes,11204.361054766734,4,364646.8999999999,3.072660443504864
Insurance Commissioner,"UMBERG, THOMAS J.",40,Real Estate/Construction,6652.465076894813,5,364646.8999999999,1.824358050732041
Insurance Commissioner,"UMBERG, THOMAS J.",92,Government/Public Safety,6500,1,364646.8999999999,1.7825463482618396
Insurance Commissioner,"UMBERG, THOMAS J.",60,Healthcare/Education,6124.746054995731,3,364646.8999999999,1.6796374945174997
Insurance Commissioner,"UMBERG, THOMAS J.",20,Utilities/Infrastructure,5578.390547780143,5,364646.8999999999,1.5298061077113625
Insurance Commissioner,"UMBERG, THOMAS J.",80,Other Industries,5486.189873046882,5,364646.8999999999,1.5045211883185854
Insurance Commissioner,"UMBERG, THOMAS J.",52,Finance/Insurance,5444.536134529831,4,364646.8999999999,1.4930981545516586
Insurance Commissioner,"UMBERG, THOMAS J.",31-33,Manufacturing,717.4249373617332,2,364646.8999999999,0.19674510803786716
Insurance Commissioner,"UMBERG, THOMAS J.",70,"Entertainment, Media and Gambling",324.99848890791736,2,364646.8999999999,0.08912690301437293
Insurance Commissioner,"UMBERG, THOMAS J.",21,Oil and Gas,262.2340273874402,2,364646.8999999999,0.07191450890915027
Insurance Commissioner,"UMBERG, THOMAS J.",76,Associations,68.02747241656802,1,364646.8999999999,0.018655711159636358
Insurance Commissioner,"UMBERG, THOMAS J.",101,Unitemized Contributions,40,1,364646.8999999999,0.010969515989303628
Insurance Commissioner,"UMBERG, THOMAS J.",88,PACs,28.686173264486523,1,364646.8999999999,0.007866835907417978
Insurance Commissioner,"UMBERG, THOMAS J.",11,Agriculture/Livestock,0.3281035123798242,1,364646.8999999999,8.997841812992906e-5
Insurance Commissioner,"VARGAS, EDUARDO E.",99,99,13084.149999999998,70,21905.08,59.73112173066703
Insurance Commissioner,"VARGAS, EDUARDO E.",101,Unitemized Contributions,8820.929999999998,6,21905.08,40.268878269332944
Insurance Commissioner,"WOLFF, PATRICK",52,Finance/Insurance,769509.9144347629,27,1152025.4399999997,66.79626054393061
Insurance Commissioner,"WOLFF, PATRICK",99,99,195008.57293667574,341,1152025.4399999997,16.927453697261736
Insurance Commissioner,"WOLFF, PATRICK",100,Retired/Homemaker/Student/Unemployed,83500,14,1152025.4399999997,7.2481038265960525
Insurance Commissioner,"WOLFF, PATRICK",40,Real Estate/Construction,57398.89122317882,9,1152025.4399999997,4.982432612180754
Insurance Commissioner,"WOLFF, PATRICK",79,Technology,24600,4,1152025.4399999997,2.135369510589975
Insurance Commissioner,"WOLFF, PATRICK",70,"Entertainment, Media and Gambling",10000,5,1152025.4399999997,0.8680363864186891
Insurance Commissioner,"WOLFF, PATRICK",60,Healthcare/Education,9826.69545131789,2,1152025.4399999997,0.8529929209998949
Insurance Commissioner,"WOLFF, PATRICK",101,Unitemized Contributions,2094,4,1152025.4399999997,0.18176681931607347
Insurance Commissioner,"WOLFF, PATRICK",50,Professional/Legal,45.18656750330674,1,1152025.4399999997,0.0039223584770234545
Insurance Commissioner,"WOLFF, PATRICK",20,Utilities/Infrastructure,42.17938656134796,1,1152025.4399999997,0.0036613242292069495
