employer,n_donors,total_donated,oc_found,oc_company_name,oc_company_type,oc_status,oc_jurisdiction,oc_address,oc_url,naics_found,naics_codes,naics_descriptions,naics_schemes,sic_codes,sic_descriptions,fetch_error
Steyer for Governor 2026,25,88317341.25,yes,Steyer for Governor 2026,Nonprofit Corporation - CA - Mutual Benefit,Active,us_ca,"71 STEVENSON ST., STE. 300, SAN FRANCISCO, CA, 94105",https://opencorporates.com/companies/us_ca/B20250390101,no,,,,,,
Candidate,1,10000000.0,yes,"Prime Candidate, Inc.",Stock Corporation - CA - General,Active,us_ca,"23961 Decoro Dr apt 130, VALENCIA, CA, 91354",https://opencorporates.com/companies/us_ca/2100185,no,,,,,,
State of Gold,4,400000.0,yes,STATE OF GOLD MUSIC LLC,Limited Liability Company - CA,Active,us_ca,"401 NEWTON PL, LINCOLN, CA, 95648",https://opencorporates.com/companies/us_ca/201903810456,no,,,,,,
Y Combinator,12,384400.0,yes,"Y COMBINATOR, LLC",Limited Liability Company - Out of State,Active,us_ca,"335 PIONEER WAY, MOUNTAIN VIEW, CA, 94041",https://opencorporates.com/companies/us_ca/200532110222,no,,,,,,
Harvest Rock Church,13,353753.13,yes,HARVEST ROCK CHURCH,Nonprofit Corporation - CA - Religious,Active,us_ca,"CA, United States",https://opencorporates.com/companies/us_ca/1890390,no,,,,,,
Mosaic Real Estate Investors,6,192244.68,yes,"MOSAIC REAL ESTATE INVESTORS, LLC",Limited Liability Company - Out of State,Terminated,us_ca,"37951 47TH STREET EAST, SUITE A7 #1010, PALMDALE, CA, 93552",https://opencorporates.com/companies/us_ca/201518910106,no,,,,,,
The Steve Hilton Show,3,190099.95,no,,,,,,,no,,,,,,
Lighthouse Worldwide Solutions Inc.,5,185500.0,yes,"LIGHTHOUSE WORLDWIDE SOLUTIONS, INC.",Stock Corporation - CA - General,Active,us_ca,"47509 SEABRIDGE DRIVE, FREMONT, CA, 94538",https://opencorporates.com/companies/us_ca/1608472,no,,,,,,
Susa Ventures,4,156800.0,yes,"SUSA VENTURES MANAGEMENT, LLC",Limited Liability Company - Out of State,Active,us_ca,"660 YORK STREET, SUITE 201, SAN FRANCISCO, CA, 94110",https://opencorporates.com/companies/us_ca/201629410259,no,,,,,,
DoorDash,3,117600.0,yes,DoorDash/DashFast LLC,Limited Liability Company - CA,Active,us_ca,"2704 WEST BALL ROAD, APT K5, ANAHEIM, CA, 92804",https://opencorporates.com/companies/us_ca/B20250310959,no,,,,,,
8vc,3,103400.0,yes,"8VC BUILD EPIRUS, LLC",Limited Liability Company - CA,Converted Out,us_ca,".PIER 5, SUITE 101, SAN FRANCISCO, CA, 94111",https://opencorporates.com/companies/us_ca/201821510037,no,,,,,,
Thunder Parley,6,81234.2,no,,,,,,,no,,,,,,
Self Employed,6,80000.0,yes,SELF-EMPLOYED LLC,Limited Liability Company - CA,Active,us_ca,"6102 MORRILL AVE, WHITTIER, CA, 90606",https://opencorporates.com/companies/us_ca/202030010575,no,,,,,,
Cloudkitchen,2,78400.0,yes,CloudKitchen Inc.,Non-distributing corporation with 50 or fewer shareholders,Dissolved,ca,"680 - 375 Water Street, Vancouver, BC, V6B 5C6",https://opencorporates.com/companies/ca/8702403,no,,,,,,
Future Ventures,2,78400.0,yes,TM FUTURE VENTURES LLC,Limited Liability Company - CA,Active,us_ca,"1187, SUITE 103 #128, CLOVIS, CA, 93611",https://opencorporates.com/companies/us_ca/202121810764,no,,,,,,
Caruso Management Company,2,78400.0,yes,"CARUSO MANAGEMENT COMPANY, LTD., A CALIFORNIA LIMITED PARTNERSHIP",Limited Partnership - CA,Converted Out,us_ca,"101 THE GROVE DR, LOS ANGELES, CA, 90036",https://opencorporates.com/companies/us_ca/199128200005,no,,,,,,
GlobalWide Media Causal Iq,2,78400.0,no,,,,,,,no,,,,,,
Ripple,2,78400.0,yes,Ripple Freight,Stock Corporation - CA - General,Active,us_ca,"1 PARK PLAZA SUITE 1010, IRVINE, CA, 92614",https://opencorporates.com/companies/us_ca/B20250075794,no,,,,,,
Give Forward Foundation,2,78400.0,yes,GIVE FORWARD FOUNDATION,Nonprofit Corporation - CA - Public Benefit,Active,us_ca,"1660 BUSH STREET, SAN FRANCISCO, CA, 94109",https://opencorporates.com/companies/us_ca/4088120,no,,,,,,
The Jurvetson Foundation,2,78400.0,no,,,,,,,no,,,,,,
Prado Group,2,78400.0,yes,"THE PRADO GROUP, INC.",Stock Corporation - CA - General,Active,us_ca,"150 POST ST, STE 320, SAN FRANCISCO, CA, 94108",https://opencorporates.com/companies/us_ca/2501078,no,,,,,,
Reddit,2,78400.0,yes,"REDDIT, INC.",Stock Corporation - Out of State - Stock,Active,us_ca,"303 2ND STREET SOUTH TOWER, 5TH FLOOR, SAN FRANCISCO, CA, 94107",https://opencorporates.com/companies/us_ca/3419700,no,,,,,,
Fifth Door,2,78400.0,yes,"Fifth Door, Inc.",Stock Corporation - Out of State - Stock,Active,us_ca,"2261 MARKET STREET, SUITE 22291, SAN FRANCISCO, CA, 94114",https://opencorporates.com/companies/us_ca/B20250024300,no,,,,,,
"Figma, Inc.",2,78400.0,yes,"FIGMA, INC.",Stock Corporation - Out of State - Stock,Active,us_ca,"760 MARKET STREET, FLOOR 10, SAN FRANCISCO, CA, 94102",https://opencorporates.com/companies/us_ca/3518757,no,,,,,,
ScifiVC,2,78400.0,no,,,,,,,no,,,,,,
H82W8 Productions,2,78400.0,yes,H82W8 Productions LLC,Limited Liability Company - CA,Active,us_ca,"11767 W. SUNSET BOULEVARD UNIT 208, LOS ANGELES, CA, 90049-2990",https://opencorporates.com/companies/us_ca/202354112881,no,,,,,,
The Sobrato Organization,2,78400.0,yes,"THE SOBRATO ORGANIZATION, LLC",Limited Liability Company - CA,Active,us_ca,"599 CASTRO STREET, SUITE 400, MOUNTAIN VIEW, CA, 94041",https://opencorporates.com/companies/us_ca/200831910043,no,,,,,,
Riot Games,2,78400.0,yes,"RIOT GAMES, INC.",Stock Corporation - Out of State - Stock,Active,us_ca,"12333 W OLYMPIC BLVD, LOS ANGELES, CA, 90064",https://opencorporates.com/companies/us_ca/2925772,no,,,,,,
Dropbox,2,78400.0,yes,DROPBOX EXPRESS LLC,Limited Liability Company - CA,Active,us_ca,"6124 MICHELSON STREET, LAKEWOOD, CA, 90713",https://opencorporates.com/companies/us_ca/202009310220,no,,,,,,
Descript,2,78400.0,yes,"DESCRIPT, INC.",Stock Corporation - Out of State - Stock,Active,us_ca,"375 ALABAMA ST STE 300, SAN FRANCISCO, CA, 94110",https://opencorporates.com/companies/us_ca/4061594,no,,,,,,
Goat Capital,2,78400.0,yes,Mountain Goat Capital LLC,Limited Liability Company - CA,Active,us_ca,"2916 CAMINO CAPISTRANO, APT D, SAN CLEMENTE, CA, 92672",https://opencorporates.com/companies/us_ca/202252519093,no,,,,,,
The Azoff Co.,2,78400.0,no,,,,,,,no,,,,,,
Hard Scale Eats LLC,2,78400.0,yes,"HARD SCALE EATS, LLC",Limited Liability Company - Out of State,Active,us_ca,"2501 W. BURBANK BLVD, SUITE 306, BURBANK, CA, 91505",https://opencorporates.com/companies/us_ca/201831910452,no,,,,,,
The Bot Company,2,78400.0,yes,THE BOT COMPANY PTE. LTD.,Local Company - EXEMPT PRIVATE COMPANY LIMITED BY SHARES,Live Company,sg,"140 ROBINSON ROAD, #14-05, TAHIR BUILDING, 068907",https://opencorporates.com/companies/sg/201943903C,no,,,,62011,Development of e-commerce applications,
Permit Power,2,78400.0,yes,Permit Power Education Fund,Nonprofit Corporation - Out of State,Active,us_ca,"2512 PACIFIC AVE, STE 85892, SAN FRANCISCO, CA, 94115",https://opencorporates.com/companies/us_ca/6057508,no,,,,,,
Sequoia Heritage,2,78400.0,yes,"SEQUOIA HERITAGE HOLDINGS, LP",Limited Partnership - Out of State,Active,us_ca,"4545 FIREWHEEL DR., PLANO, TX, 75024",https://opencorporates.com/companies/us_ca/202565905566,no,,,,,,
Slow Burn Collective,2,78400.0,yes,SLOW BURN COLLECTIVE LLC,Limited Liability Company - CA,Suspended   Ftb,us_ca,"44200 KINGTREE AVE UNIT 4, LANCASTER, CA, 93534",https://opencorporates.com/companies/us_ca/201914810151,no,,,,,,
"Snap, Inc.",2,78400.0,yes,"HEAD SNAP, INC.",Stock Corporation - CA - General,Active,us_ca,"4572 VIA MARINA APT 207, MARINA DEL REY, CA, 90292",https://opencorporates.com/companies/us_ca/4821564,no,,,,,,
Standard Capital,2,78400.0,yes,STANDARD CAPITAL LLC,Limited Liability Company - CA,Active,us_ca,"15352 NANTUCKET ST, WESTMINSTER, CA, 92683",https://opencorporates.com/companies/us_ca/202020310303,no,,,,,,
Makena Capital,2,78400.0,yes,"MAKENA CAPITAL MANAGEMENT, LLC",Limited Liability Company - Out of State,Active,us_ca,"2755 SAND HILL ROAD, SUITE 200, MENLO PARK, CA, 94025",https://opencorporates.com/companies/us_ca/200536210153,no,,,,,,
Madison Partners,2,78400.0,yes,"MADISON PARTNERS, LP",Limited Partnership - CA,Active,us_ca,"8491 W SUNSET BLVD #497, LOS ANGELES, CA, 90069",https://opencorporates.com/companies/us_ca/200403800005,no,,,,,,
Lunya,2,78400.0,yes,LUNYA COMPANY,Stock Corporation - Out of State - Stock,Active,us_ca,"1032 BROADWAY, SANTA MONICA, CA, 90401",https://opencorporates.com/companies/us_ca/3521439,no,,,,,,
QL Ventures LLC,2,78400.0,yes,QL VENTURES LLC,Limited Liability Company - Out of State,Active,us_ca,"3450 SACRAMENTO ST. #722, SAN FRANCISCO, CA, 94118",https://opencorporates.com/companies/us_ca/201730510393,no,,,,,,
Lookout,2,78400.0,yes,LOOKOUT LLC,Limited Liability Company - CA,Active,us_ca,"888 PROSPECT STREET, SUITE 200, LA JOLLA, CA, 92037",https://opencorporates.com/companies/us_ca/201314410152,no,,,,,,
Quiet Capital,2,78400.0,yes,"QUIET CAPITAL MANAGEMENT, LP",Limited Partnership - Out of State,Active,us_ca,"337 GARDEN OAKS BLVD #27167, HOUSTON, TX, 77018",https://opencorporates.com/companies/us_ca/201735200006,no,,,,,,
Lauder Partners,2,78400.0,yes,"LAUDER & PARTNERS, KG",Limited Partnership,Active,gb,"193 Temple Chambers
Temple Avenue, London, EC4Y 0DT",https://opencorporates.com/companies/gb/LP005206,no,,,,,,
Rad Fund LLC,3,78400.0,yes,RAD FUND LLC,Limited Liability Company - CA,Active,us_ca,"3 LAGOON DRIVE SUITE 400, REDWOOD CITY, CA, 94065",https://opencorporates.com/companies/us_ca/201725910171,no,,,,,,
KORA Organics,2,78400.0,yes,KORA ORGANICS BY MIRANDA KERR PTY LTD,"Australian Proprietary Company, Limited By Shares",Registered,au,"WARRIEWOOD, New South Wales, 2102",https://opencorporates.com/companies/au/128415878,no,,,,,,
Jeremy Liew,2,78400.0,no,,,,,,,no,,,,,,
JM Eagle,2,78400.0,yes,JM EAGLE,Stock Corporation - Out of State - Stock,Active,us_ca,"5200 WEST CENTURY BOULEVARD, 10TH FL, LOS ANGELES, CA, 90045",https://opencorporates.com/companies/us_ca/1149836,no,,,,,,
Scopely,2,78400.0,yes,"SCOPELY, INC.",Stock Corporation - Out of State - Stock,Active,us_ca,"3505 HAYDEN AVE, CULVER CITY, CA, 90232",https://opencorporates.com/companies/us_ca/3354341,no,,,,,,
Iron Fish,2,78400.0,yes,"Iron Fish, LLC",Limited Liability Company - Out of State,Active,us_ca,"6161 MAURITANIA AVE, OAKLAND, CA, 94605",https://opencorporates.com/companies/us_ca/202357519814,no,,,,,,
Hering Foundation,2,78400.0,yes,"BILL HERING FOUNDATION, INC.",Domestic Non Profit,Active,us_fl,,https://opencorporates.com/companies/us_fl/N16000003594,no,,,,,,
CareerPuck,2,78400.0,yes,CAREERPUCK INC.,Stock Corporation - Out of State - Stock,Active,us_ca,"2443 FILLMORE STREET, #205, SAN FRANCISCO, CA, 94115",https://opencorporates.com/companies/us_ca/4600062,no,,,,,,
"Plastpro, Inc.",2,78400.0,yes,"Plastpro 2000, Inc.",Stock Corporation - Out of State - Stock,Active,us_ca,"5200 W CENTURY BLVD, 9TH FL, LOS ANGELES, CA, 90045",https://opencorporates.com/companies/us_ca/B20250101343,no,,,,,,
"Affirm, Inc.",2,78400.0,yes,"AFFIRM FILMS, INC.",Stock Corporation - CA - General,Active,us_ca,"10202 W. WASHINGTON BLVD., CULVER CITY, CA, 90232",https://opencorporates.com/companies/us_ca/3007750,no,,,,,,
Byers Capital,2,78400.0,yes,Byers Capital Group,Stock Corporation - CA - General,Active,us_ca,"2534 W RANCH ST, APT 304, CARLSBAD, CA, 92010",https://opencorporates.com/companies/us_ca/5248331,no,,,,,,
"Wicklow Capital, Inc.",2,78400.0,yes,"WICKLOW CAPITAL, INC.",Stock Corporation - Out of State - Stock,Active,us_ca,"737 N. MICHIGAN AVE., SUITE 2100, CHICAGO, IL, 60515",https://opencorporates.com/companies/us_ca/4820851,no,,,,,,
Baszucki Group,2,78400.0,no,,,,,,,no,,,,,,
Amazon,2,78400.0,yes,Amazon Corporation,Stock Corporation - CA - General,Active,us_ca,"12384 REDWOOD RD, PINON HILLS, CA, 92372",https://opencorporates.com/companies/us_ca/5387412,no,,,,,,
West Haddon Hall,2,78400.0,yes,WEST HADDON HALL LLC,Limited Liability Company - CA,Active,us_ca,"3989 S CENTINELA AVE, #104, LOS ANGELES, CA, 90066",https://opencorporates.com/companies/us_ca/201130210251,no,,,,,,
"Alphacraft, LLC",2,78400.0,yes,"ALPHACRAFT, LLC",Limited Liability Company - CA,Active,us_ca,"8605 SANTA MONICA BLVD, #36683, LOS ANGELES, CA, 90069",https://opencorporates.com/companies/us_ca/201416210339,no,,,,,,
"Alphabet, Inc.",2,78400.0,yes,"GLOBAL ALPHABET, INC.",Stock Corporation - CA - General,Active,us_ca,"800 W. EL CAMINO REAL, SUITE 180, MOUNTAIN VIEW, CA, 94040",https://opencorporates.com/companies/us_ca/2077311,no,,,,,,
Bronze,2,78400.0,yes,BRONZE LLC,Limited Liability Company - CA,Active,us_ca,"32 ESPLANADE, IRVINE, CA, 92612",https://opencorporates.com/companies/us_ca/B20260124317,no,,,,,,
ANMLY,2,78400.0,yes,ANMLY LLC,Limited Liability Company - CA,Active,us_ca,"1010 TOURNAMENT DRIVE, HILLSBOROUGH, CA, 94010",https://opencorporates.com/companies/us_ca/202130811124,no,,,,,,
Roblox,2,78400.0,yes,ROBLOX TECHNOLOGIES INC,Stock Corporation - CA - General,Active,us_ca,"2486  POTRERO AVE, EL MONTE, CA, 91733",https://opencorporates.com/companies/us_ca/B20260060387,no,,,,,,
Santa Clara Unified School District,2,78400.0,no,,,,,,,no,,,,,,
7X,2,78400.0,yes,7X CONSTRUCTION,Stock Corporation - CA - General,Active,us_ca,"901E 17TH ST, # 4, OAKLAND, CA, 94606",https://opencorporates.com/companies/us_ca/5826947,no,,,,,,
Thumbtack,3,70000.0,yes,THUMBTACK STUDIOS LLC,Limited Liability Company - CA,Active,us_ca,"2414 10TH STREET, BERKELEY, CA, 94710",https://opencorporates.com/companies/us_ca/201913710683,no,,,,,,
"David Mar Co, Inc.",3,63000.0,no,,,,,,,no,,,,,,
James Campbell,3,60000.0,yes,James Campbell llc,Limited Liability Company - CA,Active,us_ca,"1544 POLK ST APT 4, SAN FRANCISCO, CA, 94109",https://opencorporates.com/companies/us_ca/202355112231,no,,,,,,
Susman Godfrey,3,59200.0,yes,SUSMAN GODFREY L.L.P.,Domestic Limited Liability Partnership (LLP),Report Due,us_tx,"1000 Louisiana, Suite 5100, Houston, TX, 77002",https://opencorporates.com/companies/us_tx/0500637724,no,,,,,,
"James Chambers, Filmmaker",2,54200.0,no,,,,,,,no,,,,,,
"Four Elephants Media, Inc.",2,50000.0,yes,"FOUR ELEPHANTS MEDIA, INC.",Stock Corporation - Out of State - Stock,Active,us_ca,"16633 VENTURA BLVD., STE. 815, ENCINO, CA, 91436",https://opencorporates.com/companies/us_ca/3588352,no,,,,,,
Apercen Ventures,2,50000.0,yes,APERCEN VENTURES I LLC,Limited Liability Company - Out of State,Active,us_ca,"314 LYTTON AVENUE, PALO ALTO, CA, 94301",https://opencorporates.com/companies/us_ca/202014910003,no,,,,,,
Eagle Equity Partners LLC,2,50000.0,yes,"STONE EAGLE EQUITY PARTNERS, LLC",Limited Liability Company - Out of State,Terminated,us_ca,"6000 SW MEADOWS RD, STE 104, LAKE OSWEGO, OR, 97035",https://opencorporates.com/companies/us_ca/200412410054,no,,,,,,
Primavera Properties,2,50000.0,yes,Primavera Properties LLC,Limited Liability Company - CA,Active,us_ca,"5202 CLAYTON COURT, LA VERNE, CA, 91750",https://opencorporates.com/companies/us_ca/202460616257,no,,,,,,
Mecury,2,50000.0,yes,Mecury Trade,Stock Corporation - CA - General,Active,us_ca,"8511 GARIBALDI AVE, SAN GABRIEL, CA, 91775",https://opencorporates.com/companies/us_ca/5307251,no,,,,,,
Natera,2,50000.0,yes,LM Natera LLC,Limited Liability Company - CA,Active,us_ca,"26062 BATES PL., STEVENSON RANCH, CA, 91381",https://opencorporates.com/companies/us_ca/202461611002,no,,,,,,
Hawktail,2,49200.0,yes,"HAWKTAIL I, L.P.",Limited Partnership - Out of State,Active,us_ca,"314 LYTTON AVENUE, PALO ALTO, CA, 94301",https://opencorporates.com/companies/us_ca/202108900004,no,,,,,,
Anduril Industries,2,49200.0,yes,"ANDURIL INDUSTRIES, INC.",Stock Corporation - Out of State - Stock,Active,us_ca,"1400 ANDURIL, COSTA MESA, CA, 92626",https://opencorporates.com/companies/us_ca/4036732,no,,,,,,
DraftKings,2,40000.0,yes,DRAFTKINGS INC.,Corporation,,us_de,,https://opencorporates.com/companies/us_de/5091692,no,,,,,,
Kaiser Permanente,3,40000.0,yes,KAISER PERMANENTE INTERNATIONAL,Nonprofit Corporation - CA - Public Benefit,Active,us_ca,"ONE KAISER PLAZA, OAKLAND, CA, 94612",https://opencorporates.com/companies/us_ca/1964001,no,,,,,,
KEVIN MORRIS PC,2,39900.0,yes,"KEVIN MORRIS, P.C.",Stock Corporation - CA - General,Active,us_ca,"337 S ROBERTSON BLVD STE 203, BEVERLY HILLS, CA, 90211",https://opencorporates.com/companies/us_ca/4659397,no,,,,,,
Self Employed-Phil Mickelson,1,39200.0,no,,,,,,,no,,,,,,
Sutter Hill Ventures,1,39200.0,yes,"SUTTER HILL VENTURES, L.L.C.",Limited Liability Company - CA,Active,us_ca,"755 PAGE MILL ROAD, SUITE A-200, PALO ALTO, CA, 94304",https://opencorporates.com/companies/us_ca/199801410046,no,,,,,,
Fox Corporation,1,39200.0,yes,GREY FOX CORPORATION,Stock Corporation - CA - General,Active,us_ca,"328 ORIOLE ROAD, LA CANADA FLINTRIDGE, CA, 91011",https://opencorporates.com/companies/us_ca/2347869,no,,,,,,
Redwing Films,1,39200.0,yes,"REDWING FILMS, LTD.",Stock Corporation - CA - General,Active,us_ca,"15304 W. SUNSET BLVD. STE 206, PACIFIC PALISADES, CA, 90272",https://opencorporates.com/companies/us_ca/1678030,no,,,,,,
The Morning Star Company,1,39200.0,yes,THE MORNING STAR COMPANY,Stock Corporation - CA - General,Active,us_ca,"724 MAIN ST, WOODLAND, CA, 95695",https://opencorporates.com/companies/us_ca/0816589,no,,,,,,
TAV Property Holdings LLC,1,39200.0,yes,Tav Property Holdings LLC,Limited Liability Company - CA,Terminated,us_ca,"3611 CAHUENGA BLVD W, LOS ANGELES, CA, 90068",https://opencorporates.com/companies/us_ca/202354614861,no,,,,,,
TL4J.com,1,39200.0,no,,,,,,,no,,,,,,
Rippling,1,39200.0,yes,RIPPLING,Stock Corporation - Out of State - Stock,Active,us_ca,"430 CALIFORNIA STREET, FLOOR 11, SAN FRANCISCO, CA, 94104",https://opencorporates.com/companies/us_ca/3960153,no,,,,,,
BergmanKPRS,1,39200.0,yes,"BERGMAN KPRS, LLC",Foreign Limited Liability Company,Active And In Good Standing,us_ks,"2850 Saturn Street, Brea, CA, 92821",https://opencorporates.com/companies/us_ks/4717898,no,,,,,,
Kampack Inc.,1,39200.0,yes,Kampack Inc.,Domestic Business Corporation,Active,us_pa,"THE PRENTICE-HALL CORPORATION SYSTEM, INC. Dauphin",https://opencorporates.com/companies/us_pa/217579,no,,,,,,
Remarkable People,1,39200.0,yes,REMARKABLE PEOPLE LIMITED,NZ Limited Company,Registered,nz,"Duncan Cotterill, Level 1, Building 8, 36 Grant Road, Five Mile, Queenstown, 9300",https://opencorporates.com/companies/nz/6126570,no,,,,,,
One World Beef,1,39200.0,yes,"ONE WORLD BEEF, LLC",Limited Liability Company - CA,Active,us_ca,"512 VIA DA LA VALLE, SUITE 310, SOLANA BEACH, CA, 92075",https://opencorporates.com/companies/us_ca/201311210446,no,,,,,,
GH Palmer Associates,1,39200.0,yes,G.H. Palmer Associates LLC,Limited Liability Company - CA,Active,us_ca,"270 NORTH CANON DRIVE - PENTHOUSE, BEVERLY HILLS, CA, 90210",https://opencorporates.com/companies/us_ca/B20250063732,no,,,,,,
Ranger Global Advisors LLC,1,39200.0,yes,"RANGER GLOBAL ADVISORS, LLC",Limited Liability Company - Out of State,Active,us_ca,"9903 SANTA MONICA BLVD, #8, BEVERLY HILLS, CA, 90212",https://opencorporates.com/companies/us_ca/201111610565,no,,,,,,
IntraFi,1,39200.0,yes,INTRAFI LLC,Limited Liability Company - Out of State,Active,us_ca,"1300 N 17TH STREET, SUITE 1800, ARLINGTON, VA, 22209",https://opencorporates.com/companies/us_ca/200232910047,no,,,,,,
Arcadia Development Companies,1,39200.0,no,,,,,,,no,,,,,,
CT Partners,1,39200.0,yes,CT Partners LLC,Limited Liability Company - CA,Active,us_ca,"1905 NANTES WAY, BAKERSFIELD, CA, 93311",https://opencorporates.com/companies/us_ca/202464315128,no,,,,,,
Another Planet Entertainment,1,39200.0,yes,"ANOTHER PLANET ENTERTAINMENT, LLC",Limited Liability Company - Out of State,Active,us_ca,"1815 4TH ST STE C, BERKELEY, CA, 94710",https://opencorporates.com/companies/us_ca/200321610081,no,,,,,,
Tawani Enterprises Inc.,1,39200.0,yes,TAWANI ENTERPRISES INC.,Domestic BCA,Active,us_il,,https://opencorporates.com/companies/us_il/CORP_58832855,no,,,,,,
Greylock,1,39200.0,yes,GREYLOCK CYBER SECURITY LLC,Limited Liability Company - CA,Active,us_ca,"514 W 26TH ST, 112, SAN PEDRO, CA, 90731",https://opencorporates.com/companies/us_ca/202253110036,no,,,,,,
James D. Jameson,1,39200.0,yes,JAMES D. JAMESON LLC,Limited Liability Company - CA,Terminated,us_ca,"2010 JIMMY DURANTE BLVD. SUITE 205, DEL MAR, CA, 92014",https://opencorporates.com/companies/us_ca/200729710212,no,,,,,,
SageSure,1,39200.0,yes,"SAGESURE HOLDINGS, LLC",Limited Liability Company - Out of State,Active,us_ca,"101 HUDSON STREET, SUITE 2700, JERSEY CITY, NJ, 07302",https://opencorporates.com/companies/us_ca/202105810468,no,,,,,,
Phils BBQ,1,39200.0,yes,"PHIL'S BBQ, INC",Stock Corporation - CA - General,Active,us_ca,"3750 SPORTS ARENA BLVD. #6, SAN DIEGO, CA, 92110",https://opencorporates.com/companies/us_ca/2346983,no,,,,,,
Jeff Unger,1,39200.0,yes,"JEFF UNGER LOGGING, INC.",DOMESTIC BUSINESS CORPORATION,Active,us_or,,https://opencorporates.com/companies/us_or/49699986,no,,,,,,
Willow Laboratories,1,39200.0,yes,"Willow Laboratories, Inc.",Stock Corporation - Out of State - Stock,Active,us_ca,"121 THEORY, IRVINE, CA, 92617",https://opencorporates.com/companies/us_ca/6071393,no,,,,,,
Joe Green,1,39200.0,yes,JOE GREEN RANCH LLC,Limited Liability Company - CA,Active,us_ca,"14400 ANDRUS ISLAND ROAD, WALNUT GROVE, CA, 95690",https://opencorporates.com/companies/us_ca/202206910221,no,,,,,,
John Vidovich,1,39200.0,yes,"JOHN VIDOVICH, LLC",Limited Liability Company - CA,Active,us_ca,"960 N SAN ANTONIO RD STE 114, LOS ALTOS, CA, 94022",https://opencorporates.com/companies/us_ca/200836510057,no,,,,,,
Executive,1,39200.0,yes,"TETRA TECH EXECUTIVE SERVICES, INC.",Stock Corporation - CA - General,Active,us_ca,"3475 E. FOOTHILL BLVD., PASADENA, CA, 91107",https://opencorporates.com/companies/us_ca/2262650,no,,,,,,
"Gary Karlin Michelson, M.D.",1,39200.0,yes,"GARY KARLIN MICHELSON, M.D., INC.",Stock Corporation - CA - General,Terminated,us_ca,"11755 WILSHIRE BLVD STE 1400, LOS ANGELES, CA, 90025",https://opencorporates.com/companies/us_ca/1030347,no,,,,,,
Wildfires.org,1,39200.0,yes,"Wildfires.Org, Inc.",Nonprofit Corporation - Out of State,Active,us_ca,"1 BELVEDERE PLACE, UNIT 1-106, MILL VALLEY, CA, 94941",https://opencorporates.com/companies/us_ca/6261313,no,,,,,,
Robert Half Inc.,1,39200.0,yes,Robert Half Inc.,Stock Corporation - Out of State - Stock,Active,us_ca,"2884 SAND HILL ROAD, SUITE 200, MENLO PARK, CA, 94025",https://opencorporates.com/companies/us_ca/0971792,no,,,,,,
Trial lawyers for Justice,1,39200.0,yes,"TRIAL LAWYERS FOR JUSTICE CA, P.C.",Stock Corporation - CA - General,Active,us_ca,"877 S. VICTORIA AVENUE, 201, VENTURA, CA, 93003",https://opencorporates.com/companies/us_ca/4800840,no,,,,,,
McCarthy Family Farms,1,39200.0,yes,"MCCARTHY FAMILY FARMS, INC.",Stock Corporation - CA - General,Active,us_ca,"15381 MANOR DR., BAKERSFIELD, CA, 93314",https://opencorporates.com/companies/us_ca/1678873,no,,,,,,
Stanford University,1,39200.0,yes,stanford university LLC,Limited Liability Company - CA,Active,us_ca,"219 WISTERIA DRIVE, PALO ALTO, CA, 94303",https://opencorporates.com/companies/us_ca/202355510862,no,,,,,,
Meritage Group LP,1,39200.0,yes,MERITAGE GROUP LP,Limited Partnership - Out of State,Active,us_ca,"66 FIELD POINT RD, GREENWICH, CT, 06830",https://opencorporates.com/companies/us_ca/200703800024,no,,,,,,
Spark Climate Solutions,1,39200.0,yes,SPARK CLIMATE SOLUTIONS INC.,Nonprofit Corporation - Out of State,Active,us_ca,"440 N BARRANCA AVE #3536, COVINA, CA, 91723",https://opencorporates.com/companies/us_ca/4841434,no,,,,,,
Tusk Holdings,1,39200.0,yes,"Tusk 1678 Holdings, LLC",Limited Liability Company - CA,Active,us_ca,"877-883 GUERRERO ST, SAN FRANCISCO, CA, 94110",https://opencorporates.com/companies/us_ca/202565411104,no,,,,,,
Morning Star Company,2,39200.0,yes,THE MORNING STAR COMPANY,Stock Corporation - CA - General,Active,us_ca,"724 MAIN ST, WOODLAND, CA, 95695",https://opencorporates.com/companies/us_ca/0816589,no,,,,,,
AR Asset Management,1,39200.0,yes,"AR ASSET MANAGEMENT, INC.",Stock Corporation - CA - General,Active,us_ca,"9229 SUNSET BLVD STE 425, WEST HOLLYWOOD, CA, 90069",https://opencorporates.com/companies/us_ca/1037590,no,,,,,,
Coalinga Medical Center,1,39200.0,yes,"COALINGA MEDICAL CENTER, LLC",Limited Liability Company - CA,Active,us_ca,"1191 PHELPS AVENUE, COALINGA, CA, 93210",https://opencorporates.com/companies/us_ca/201822110154,no,,,,,,
Pariah,1,39200.0,yes,PARIAH,Stock Corporation - CA - General,Active,us_ca,"15260 VENTURA BLVD STE 1040, SHERMAN OAKS, CA, 91403",https://opencorporates.com/companies/us_ca/2305288,no,,,,,,
Richard Robbins International Inc.,1,39200.0,yes,"RICHARD ROBBINS INTERNATIONAL, INC",Stock Corporation - Out of State - Stock,Forfeited   Ftb,us_ca,"3075 14TH AVENUE UNIT #6, MARKHAM ON, L3R 0G9",https://opencorporates.com/companies/us_ca/2813999,no,,,,,,
Charm Industrial,1,39200.0,yes,"CHARM INDUSTRIAL, INC.",Stock Corporation - Out of State - Stock,Active,us_ca,"2575 MARIN STREET, SAN FRANCISCO, CA, 94124",https://opencorporates.com/companies/us_ca/4116418,no,,,,,,
NVIDIA,1,39200.0,yes,NVIDIA AI INC,Stock Corporation - CA - General,Active,us_ca,"5319 UNIVERSITY DR STE.367, IRVINE, CA, 92612",https://opencorporates.com/companies/us_ca/6526124,no,,,,,,
New Pacific Realty Corp.,1,39200.0,yes,NEW PACIFIC REALTY CORP.,DOMESTIC BUSINESS CORPORATION,Inactive   Dissolution By Proclamation / Annulment Of Authority,us_ny,"ABEL R. MARTE, 564 WEST 160TH STREET, APARTMENT 35, NEW YORK, NEW YORK, 10032",https://opencorporates.com/companies/us_ny/1510393,no,,,,,,
"Singleton & Schreiber, LLP",2,39200.0,yes,"Singleton Schreiber, LLP",Limited Liability Partnership,Good Standing,us_ms,"270 TRACE COLONY PARK STE B, RIDGELAND, MS, 39157",https://opencorporates.com/companies/us_ms/1454565,yes,541110,Offices of Lawyers,,,,
OPCO,1,39200.0,yes,"DANTE OPCO HOLDINGS, INC.",Stock Corporation - CA - General,Active,us_ca,"1026 MONTANA AVE, SANTA MONICA, CA, 90403",https://opencorporates.com/companies/us_ca/3805307,no,,,,,,
Mayer Capital Partners,1,39200.0,yes,Mayer Capital Partners LLC,Limited Liability Company - CA,Active,us_ca,"100 SOUTH CITRUS AVENUE, LOS ANGELES, CA, 90036",https://opencorporates.com/companies/us_ca/202464714863,no,,,,,,
Maxim Integrated,1,39200.0,yes,"MAXIM INTEGRATED PRODUCTS, INC.",Stock Corporation - CA - General,Merged Out,us_ca,"510 N PASTORIA AVE,
SUNNYVALE, CA 94086",https://opencorporates.com/companies/us_ca/1138448,no,,,,,,
Lanikai Management,1,39200.0,yes,LANIKAI MANAGEMENT CORPORATION,Stock Corporation - CA - General,Active,us_ca,"2928 SAN MARCOS AVENUE, SUITE 201, LOS OLIVOS, CA, 93441",https://opencorporates.com/companies/us_ca/0721066,no,,,,,,
De Anza Building & Maintenance Inc.,1,39200.0,yes,"DE ANZA BUILDING AND MAINTENANCE, INC.",Stock Corporation - CA - General,Active,us_ca,"960 N. SAN ANTONIO ROAD, SUITE 114, LOS ALTOS, CA, 94022",https://opencorporates.com/companies/us_ca/1082609,no,,,,,,
"Eric Newman, Producer",1,39200.0,no,,,,,,,no,,,,,,
Cantu Construction,1,39200.0,yes,Cantu Construction & Restoration,Stock Corporation - CA - General,Active,us_ca,"13797 LOBELLA WAY, HESPERIA, CA, 92344",https://opencorporates.com/companies/us_ca/5714541,no,,,,,,
Build Group,1,39200.0,yes,LIGHTON BUILD GROUP,Stock Corporation - CA - General,Active,us_ca,"1580 OAKLAND RD, C207, SAN JOSE, CA, 95131",https://opencorporates.com/companies/us_ca/B20250414015,no,,,,,,
Strata Capital,1,39200.0,yes,Strata Capital LLC,Limited Liability Company - CA,Active,us_ca,"28460 SONGBIRD ST UNIT 2103, MURRIETA, CA, 92563",https://opencorporates.com/companies/us_ca/B20260138709,no,,,,,,
Alphabet,1,39200.0,yes,ALPHABET SOUP,Stock Corporation - CA - General,Active,us_ca,"700 EL CAMINO REAL, SUITE 120, MENLO PARK, CA, 94025",https://opencorporates.com/companies/us_ca/B20250065978,no,,,,,,
1P Advocacy,1,39200.0,no,,,,,,,no,,,,,,
Affirmation Arts,1,39200.0,yes,AFFIRMATION ARTS LIMITED,Domestic Business Corporation,Active,us_pa,"THE PRENTICE-HALL CORPORATION SYSTEM, INC. Dauphin",https://opencorporates.com/companies/us_pa/2020924,no,,,,,,
Advantage Ambulance,2,39200.0,yes,"ADVANTAGE AMBULANCE, INC.",Stock Corporation - CA - General,Active,us_ca,"6180 QUAIL VALLEY COURT, SUITE 1, RIVERSIDE, CA, 92507",https://opencorporates.com/companies/us_ca/3661861,no,,,,,,
Brandenburg Properties,1,39200.0,yes,"BRANDENBURG PROPERTIES, LLC",Limited Liability Company - CA,Active,us_ca,"1122 WILLOW STREET, SUITE 200, SAN JOSE, CA, 95125",https://opencorporates.com/companies/us_ca/201003410315,no,,,,,,
Lyon Living,1,39200.0,yes,"LYON LIVING CONSTRUCTION, LLC",Limited Liability Company - Out of State,Terminated,us_ca,"4901 BIRCH ST., NEWPORT BEACH, CA, 92660",https://opencorporates.com/companies/us_ca/201723610085,no,,,,,,
Diane B. Greene,1,39200.0,no,,,,,,,no,,,,,,
"Wareham Property Group, Inc.",1,39200.0,yes,"WAREHAM PROPERTY GROUP, INC.",Stock Corporation - CA - General,Active,us_ca,"1120 NYE STREET, SUITE 400, SAM RAFAEL, CA, 94901",https://opencorporates.com/companies/us_ca/1236088,no,,,,,,
Maureen K.C. Pritzker,1,39200.0,no,,,,,,,no,,,,,,
De Anza Properties,1,39200.0,yes,"DE ANZA PROPERTIES - XIV, LTD.",Limited Partnership - CA,Active,us_ca,"9171 WILSHIRE BLVD, STE 627, BEVERLY HILLS, CA, 90210",https://opencorporates.com/companies/us_ca/198418300363,no,,,,,,
Style Melody inc,1,39062.81,yes,"STYLE MELODY, INC.",Stock Corporation - CA - General,Active,us_ca,"5500 S BOYLE AVE, VERNON, CA, 90058",https://opencorporates.com/companies/us_ca/3554031,no,,,,,,
Adelanto Healthcare Ventures LLC,1,39000.0,yes,"ADELANTO HEALTHCARE VENTURES, LLC",Limited Liability Company - Out of State,Forfeited   Ftb,us_ca,"401 W. 15TH STREET SUITE 840, AUSTIN, TX, 78701",https://opencorporates.com/companies/us_ca/202136310431,no,,,,,,
GPR Ventures,1,39000.0,yes,"GPR VENTURES, LLC",Limited Liability Company - CA,Active,us_ca,"2323 S BASCOM AVENUE SUITE 100, CAMPBELL, CA, 95008",https://opencorporates.com/companies/us_ca/201106610200,no,,,,,,
"Chalet Run Capital Management, LLC",1,39000.0,yes,CHALET RUN CAPITAL MANAGEMENT LLC,Domestic Limited Liability Company,,us_de,"Kent, DE",https://opencorporates.com/companies/us_de/10443347,no,,,,,,
"Elizabeth Naftali, Investor",1,39000.0,no,,,,,,,no,,,,,,
Gilder Gagnon Howe & Co LLC,1,39000.0,yes,GILDER GAGNON HOWE & CO. LLC,Limited Liability Company,Active,ca_bc,,https://opencorporates.com/companies/ca_bc/LLC0000465,no,,,,,,
Jana Simpson,1,38400.0,yes,"JANA SIMPSON ENTERPRISES, INC.",Domestic For-Profit Corporation,Forfeited Existence,us_tx,"1445 ROSS AVE 4800 FIRST INTERSTATE
DALLAS, TX 75202",https://opencorporates.com/companies/us_tx/0115258700,no,,,,,,
Securin,2,37400.0,yes,Securin B.V.,Besloten Vennootschap,Active,nl,,https://opencorporates.com/companies/nl/80557813,no,,,,,,
Singleton Schreiber LLP,1,35900.0,yes,"Singleton Schreiber, LLP",Limited Liability Partnership,Good Standing,us_ms,"270 TRACE COLONY PARK STE B, RIDGELAND, MS, 39157",https://opencorporates.com/companies/us_ms/1454565,yes,541110,Offices of Lawyers,,,,
Shook Properties,1,35700.0,yes,"SHOOK PROPERTIES, INC.",Stock Corporation - CA - General,Active,us_ca,"2834 HAMNER AVE, NORCO, CA, 92860",https://opencorporates.com/companies/us_ca/1874091,no,,,,,,
Grewal Hospitality,2,35000.0,yes,Judge & Grewal Hospitality LLC,Limited Liability Company - CA,Active,us_ca,"2662 ST. HELENA CT, LIVERMORE, CA, 94550",https://opencorporates.com/companies/us_ca/202462419889,no,,,,,,
MTLT Holdings,2,35000.0,yes,MTLT HOLDINGS INC.,Domestic Corporation,,us_de,"Kent, DE",https://opencorporates.com/companies/us_de/7490881,no,,,,,,
Lincoln Dynamic Group,1,35000.0,yes,"LINCOLN DYNAMIC GROUP, LLC",Domestic Limited-Liability Company,Active,us_nv,,https://opencorporates.com/companies/us_nv/E8854012020-8,no,,,,,,
Leesfield & Partners,2,35000.0,yes,"LEESFIELD & PARTNERS, P.A.",Domestic for Profit,Active,us_fl,,https://opencorporates.com/companies/us_fl/621933,no,,,,,,
Self Employed-Mark Kolokotrones,1,34200.0,no,,,,,,,no,,,,,,
Meta,2,30000.0,yes,Meta-wangmai,Stock Corporation - CA - General,Active,us_ca,"9710 NEW FOREST LANE, JURUPA VALLEY, CA, 92509",https://opencorporates.com/companies/us_ca/B20250258307,no,,,,,,
Blackcomb Advisors LLC,2,30000.0,yes,BLACKCOMB ADVISORS LLC,Limited Liability Company - Out of State,Terminated,us_ca,"2221 LA AMATISTA RD, DEL MAR, CA, 92014",https://opencorporates.com/companies/us_ca/201624410086,no,,,,,,
"Habbas, Nasseri, & Associates",1,30000.0,no,,,,,,,no,,,,,,
Spencer Enterprises,2,30000.0,yes,SPENCER ENTERPRISES LLC,Limited Liability Company - CA,Active,us_ca,"208 GRACE LN, ARROYO GRANDE, CA, 93420",https://opencorporates.com/companies/us_ca/202122110324,no,,,,,,
Law Offices of Jeremy D. Weinstein P.C.,2,30000.0,no,,,,,,,no,,,,,,
Millennials Trucking,1,30000.0,yes,MAC MILLENNIALS TRUCKING LLC,Limited Liability Company - CA,Active,us_ca,"11420 FLORENCE AVE, SANTA FE, CA, 90670",https://opencorporates.com/companies/us_ca/B20250022525,no,,,,,,
The Permanente Medical Group,2,29855.04,yes,"THE PERMANENTE MEDICAL GROUP, INC.",Stock Corporation - CA - General,Active,us_ca,"5820 OWENS DRIVE, BLDG E, 5TH FLOOR, PLEASANTON, CA, 94588",https://opencorporates.com/companies/us_ca/1015108,no,,,,,,
Unicare Systems Inc.,1,29200.0,yes,"UNICARE SYSTEMS, INC.",Stock Corporation - CA - General,Active,us_ca,"2088 OTAY LAKES RD, 102, CHULA VISTA, CA, 91913",https://opencorporates.com/companies/us_ca/1870510,no,,,,,,
MWWPR,1,29200.0,no,,,,,,,no,,,,,,
TruConnect,2,28200.0,yes,TruConnect Electric & Solar LLC,Limited Liability Company - CA,Active,us_ca,"65 GOLD RUN COURT, OROVILLE, CA, 95965",https://opencorporates.com/companies/us_ca/202462912417,no,,,,,,
Crop Organization,1,26000.0,yes,CROP ORGANIZATION,Nonprofit Corporation - CA - Public Benefit,Active,us_ca,"1300 CLAY ST, STE 600, OAKLAND, CA, 94612",https://opencorporates.com/companies/us_ca/3164035,no,,,,,,
Primary Care Associates of California,1,26000.0,yes,"PRIMARY CARE ASSOCIATES OF CALIFORNIA, INC.",Stock Corporation - CA - General,Active,us_ca,"10833 VALLEY VIEW ST STE 570, CYPRESS, CA, 90630",https://opencorporates.com/companies/us_ca/3045936,no,,,,,,
Requested,1,25000.0,yes,Requested Specialties LLC,Limited Liability Company - CA,Active,us_ca,"10725 ATWOOD DRIVE, RANCHO CORDOVA, CA, 95670",https://opencorporates.com/companies/us_ca/202462918501,no,,,,,,
The Salt and Light Council,1,25000.0,no,,,,,,,no,,,,,,
"O'Melveny, LLP",1,25000.0,yes,O'MELVENY & MYERS LLP,Limited Liability Partnership,Active,gb,"11th Floor, 5 New Street Square
New Street Square, London, EC4A 3BF",https://opencorporates.com/companies/gb/OC307988,no,,,,,,
SLTC LLC,1,25000.0,yes,"SLTC, LLC",Limited Liability Company - CA,Active,us_ca,"520 S. EL CAMINO REAL, BSMT A, SAN MATEO, CA, 94402",https://opencorporates.com/companies/us_ca/201422710313,no,,,,,,
Bronson Point Management,1,25000.0,yes,BRONSON POINT MANAGEMENT LLC,Limited Liability Company,,us_de,,https://opencorporates.com/companies/us_de/4729654,no,,,,,,
Croke Fairchild Duarte & Beres,1,25000.0,yes,CROKE FAIRCHILD DUARTE & BERES LLC,Limited Liability Company,Goodstanding,us_il,"180 N. LASALLE ST., SUITE 3400, CHICAGO, IL, 60601",https://opencorporates.com/companies/us_il/LLC_07276915,no,,,,,,
DeHeng Law Offices,1,25000.0,yes,DEHENG LAW OFFICES PC,Stock Corporation - CA - Professional,Active,us_ca,"7901 STONERIDGE DR #208, PLEASANTON, CA, 94588",https://opencorporates.com/companies/us_ca/3848721,no,,,,,,
Arash Khorsandi,1,25000.0,yes,"THE LAW OFFICE OF ARASH KHORSANDI, A PROFESSIONAL LAW CORPORATION",Stock Corporation - CA - Professional,Active,us_ca,"2960 WILSHIRE BLVD FL 3, LOS ANGELES, CA, 90010-1154",https://opencorporates.com/companies/us_ca/3189710,no,,,,,,
Eglet Law,1,25000.0,yes,"EGLET LAW GROUP, LLP",Domestic Limited-Liability Partnership,Default,us_nv,,https://opencorporates.com/companies/us_nv/E0080652013-2,no,,,,,,
"Aberdeen, Inc.",1,25000.0,yes,"ABERDEEN, INC",Stock Corporation - CA - General,Active,us_ca,"2366 SANDPIPER DR., LAFAYETTE, CO, 80026",https://opencorporates.com/companies/us_ca/3641860,no,,,,,,
"Hawk Hill Management Co, LLC",2,25000.0,no,,,,,,,no,,,,,,
"Beverly Hills Spine Surgery, Inc.",2,25000.0,yes,"BEVERLY HILLS SPINE SURGERY, INC.",Stock Corporation - CA - General,Active,us_ca,"8436 W 3RD ST, 900, LOS ANGELES, CA, 90048",https://opencorporates.com/companies/us_ca/2968950,no,,,,,,
Silver Falcon Capital,1,25000.0,yes,SILVER FALCON CAPITAL INC.,Domestic Corporation,Active,us_nv,,https://opencorporates.com/companies/us_nv/E1307582019-9,no,,,,,,
CTR Partners,1,25000.0,yes,"CTR PARTNERS, LLC",Limited Liability Company - Out of State,Active,us_ca,"4343 VON KARMAN AVE STE 200, NEWPORT BEACH, CA, 92660",https://opencorporates.com/companies/us_ca/201603210480,no,,,,,,
"450 Attorneys, Inc",1,25000.0,no,,,,,,,no,,,,,,
Walker & Dunlop,1,25000.0,yes,"WALKER & DUNLOP, LLC",Limited Liability Company - Out of State,Active,us_ca,"7272 WISCONSIN AVENUE STE 1300, BETHESDA, MD, 20814",https://opencorporates.com/companies/us_ca/200903110278,no,,,,,,
The Haggard Law Firm,1,25000.0,yes,"THE HAGGARD LAW FIRM, P.A.",Domestic for Profit,Active,us_fl,,https://opencorporates.com/companies/us_fl/F97068,no,,,,,,
High Tide Foundation,1,25000.0,yes,HIGH TIDE FOUNDATION,Nonprofit Corporation - Out of State,Active,us_ca,"100 DRAKES LANDING RD STE 260, GREENBRAE, CA, 94904",https://opencorporates.com/companies/us_ca/4716900,no,,,,,,
Twin Tree Venture LLC,1,25000.0,yes,"TWIN TREE VENTURE, LLC",Limited Liability Company - CA,Active,us_ca,"201 MISSION STREET SUITE 1960, SAN FRANCISCO, CA, 94105",https://opencorporates.com/companies/us_ca/201134810171,no,,,,,,
Reven Capital,1,25000.0,yes,"REVEN CAPITAL, LLC",Limited Liability Company - Out of State,Active,us_ca,"888 PROSPECT STREET, SUITE 200, LA JOLLA, CA, 92037",https://opencorporates.com/companies/us_ca/200918410260,no,,,,,,
Faces Nightclub,2,25000.0,yes,FACES NIGHTCLUB,Domestic Corporation,Dissolved,us_nv,,https://opencorporates.com/companies/us_nv/C8347-1986,no,,,,,,
"Cool Effect, Inc.",1,25000.0,yes,COOL EFFECT INC.,Nonprofit Corporation - Out of State,Active,us_ca,"100 DRAKES LANDING, SUITE 260, GREENBRAE, CA, 94904",https://opencorporates.com/companies/us_ca/3838358,no,,,,,,
GHS,1,25000.0,yes,GHS BROTHERS,Stock Corporation - CA - General,Active,us_ca,"5790 N FRESNO  STREET, FRESNO, CA, 93710",https://opencorporates.com/companies/us_ca/3299455,no,,,,,,
Becker Law Group,1,25000.0,yes,"FORREST & BECKER LAW GROUP, APC",Stock Corporation - CA - Professional,Terminated,us_ca,"22080 FIDDLETOWN ROAD, VOLCANO, CA, 95689",https://opencorporates.com/companies/us_ca/4263790,no,,,,,,
Van Wagner,1,25000.0,yes,ALEX VAN WAGNER INC.,Stock Corporation - CA - General,Active,us_ca,"5240 DAHLIA DR, LOS ANGELES, CA, 90041",https://opencorporates.com/companies/us_ca/3475193,no,,,,,,
CapitalG,1,25000.0,yes,CapitalG III SPV LP,Limited Partnership - Out of State,Active,us_ca,"1600 AMPHITHEATRE PARKWAY, MOUNTAIN VIEW, CA, 94043",https://opencorporates.com/companies/us_ca/202358702812,no,,,,,,
"Afero, Inc.",1,25000.0,yes,"AFERO, INC.",Stock Corporation - Out of State - Stock,Active,us_ca,"4410 EL CAMINO REAL, SUITE 200, LOS ALTOS, CA, 94022",https://opencorporates.com/companies/us_ca/3688359,no,,,,,,
Edward Norton,1,25000.0,yes,J. EDWARD NORTON LLC,Limited Liability Company - CA,Active,us_ca,"485 E 17TH ST. SUITE 301, COSTA MESA, CA, 92627",https://opencorporates.com/companies/us_ca/202111610558,no,,,,,,
"Ram Dandilaya, MD",2,24851.0,no,,,,,,,no,,,,,,
LAMONICAs NY-PIZZA,2,23000.0,yes,"LAMONICA'S NY PIZZA CO., INC. A CALIFORNIA CORPORATION",Stock Corporation - CA - General,Active,us_ca,"1066 GAYLEY AVE., LOS ANGELES, CA, 90024",https://opencorporates.com/companies/us_ca/4079400,no,,,,,,
Arcadia Development Co.,2,20000.0,yes,ARCADIA DEVELOPMENT CO.,Stock Corporation - CA - General,Active,us_ca,"5185 CHERRY AVENUE, SUITE 10, SAN JOSE, CA, 95118",https://opencorporates.com/companies/us_ca/0375746,no,,,,,,
LW Lacrosse LLC,2,20000.0,yes,LW LACROSSE LLC,Limited Liability Company - Out of State,Terminated,us_ca,"8040 GOLDEN EAGLE WAY, PLEASANTON, CA, 94588-3119",https://opencorporates.com/companies/us_ca/200802310202,no,,,,,,
Rancon Group,1,20000.0,yes,"RANCON GROUP, INC.",Stock Corporation - CA - General,Active,us_ca,"41391 KALMIA STREET SUITE 200, MURRIETA, CA, 92562",https://opencorporates.com/companies/us_ca/3973885,no,,,,,,
Archipelago Companies LLC,1,20000.0,yes,"ARCHIPELAGO COMPANIES, LLC",Limited Liability Company - Out of State,Active,us_ca,"10 FARADAY, IRVINE, CA, 92618",https://opencorporates.com/companies/us_ca/202016810585,no,,,,,,
The Jewelry Exchange,2,20000.0,yes,THE JEWELRY EXCHANGE,Stock Corporation - CA - General,Suspended   Ftb,us_ca,"1607 GARNET AVE, SAN DIEGO, CA, 92109",https://opencorporates.com/companies/us_ca/3534326,no,,,,,,
Mozart Investments,2,20000.0,yes,MOZART INVESTMENTS LLC,Domestic Limited Liability Company (LLC),Active,us_ma,,https://opencorporates.com/companies/us_ma/001865285,no,,,,,,
Peninsula Land & Capital,2,20000.0,yes,"PENINSULA LAND & CAPITAL, INC.",Stock Corporation - CA - General,Active,us_ca,"2390 EL CAMINO REAL, SUITE 210, PALO ALTO, CA, 94306",https://opencorporates.com/companies/us_ca/4017340,no,,,,,,
WME,1,20000.0,yes,"WME TEK, INC.",Stock Corporation - CA - General,Active,us_ca,"4703 CLUB VIEW DR, WESTLAKE VILLAGE, CA, 91362",https://opencorporates.com/companies/us_ca/2238404,no,,,,,,
Wexford Capital,2,20000.0,yes,WEXFORD CAPITAL CORPORATION,Stock Corporation - CA - General,Suspended   Ftb,us_ca,"4330 LA JOLLA VILLAGE DR #320,
SAN DIEGO, CA 92122",https://opencorporates.com/companies/us_ca/1312468,no,,,,,,
KXLA-TV,1,20000.0,yes,"KXLA TV 44, INC.",Stock Corporation - Out of State - Stock,Active,us_ca,"2323 CORINTH AVE, LOS ANGELES, CA, 90064",https://opencorporates.com/companies/us_ca/2372332,no,,,,,,
Fulcrum development,1,20000.0,yes,FULCRUM CONSTRUCTION & DEVELOPMENT COMPANY,Stock Corporation - CA - General,Terminated,us_ca,"4004 WILLIAMS AVE, CLAREMONT, CA, 91711",https://opencorporates.com/companies/us_ca/2833136,no,,,,,,
Kristin Mirek Consulting LLC,1,20000.0,no,,,,,,,no,,,,,,
Merrill Lynch,2,20000.0,yes,MERRILL LYNCH RELOCATION MANAGEMENT INC.,Stock Corporation - CA - General,Terminated,us_ca,"250 VESEY ST, NO TOWER WORLD FINANCIAL CTR, NEW YORK, NY, 90281",https://opencorporates.com/companies/us_ca/0558478,no,,,,,,
Sunset Digital Asset Management LLC,2,20000.0,yes,SUNSET DIGITAL ASSET MANAGEMENT LLC,Limited Liability Company - CA,Active,us_ca,"12225 GORHAM AVE, LOS ANGELES, CA, 90049",https://opencorporates.com/companies/us_ca/202028710597,no,,,,,,
Seven Mile Casino,1,20000.0,no,,,,,,,no,,,,,,
Crown Island Insurance,1,20000.0,yes,CROWN ISLAND INSURANCE AGENCY,FOREIGN BUSINESS CORPORATION,Active,us_ny,"1001 ""B"" AVENUE, SUITE 103, CORONADO, CA, 92118",https://opencorporates.com/companies/us_ny/4591090,no,,,,,,
Epic Level,1,20000.0,yes,"EPIC LEVEL, LLC",Limited Liability Company - CA,Active,us_ca,"4859 W SLAUSON AVE, SUITE 650, LOS ANGELES, CA, 90056",https://opencorporates.com/companies/us_ca/201505410143,no,,,,,,
Ellis Partners,1,20000.0,yes,"ELLIS PARTNERS, INC.",Stock Corporation - CA - General,Active,us_ca,"ONE SANSOME STREET, SUITE 1550, SAN FRANCISCO, CA, 94104",https://opencorporates.com/companies/us_ca/1827839,no,,,,,,
New Castle Properties Group,1,20000.0,yes,PROVIDENT GROUP - NEW CASTLE PROPERTIES L.L.C.,Limited Liability Company,,us_de,,https://opencorporates.com/companies/us_de/4974363,no,,,,,,
Allies for Allies,1,20000.0,yes,ALLIES FOR ALLIES,Nonprofit Corporation - CA - Public Benefit,Active,us_ca,"CA, United States",https://opencorporates.com/companies/us_ca/5733950,no,,,,,,
Martinian Lawyers,1,20000.0,yes,"Martinian Lawyers, Inc.",Stock Corporation - CA - Professional,Active,us_ca,"2801 CAHUENGA BLVD W, LOS ANGELES, CA, 90068",https://opencorporates.com/companies/us_ca/2920673,no,,,,,,
VAL Property AI,1,20000.0,no,,,,,,,no,,,,,,
Royal Corporation,2,20000.0,yes,ROYAL CORPORATION,Stock Corporation - CA - General,Active,us_ca,"866 VALLOMBROSA DR, PASADENA, CA, 91107",https://opencorporates.com/companies/us_ca/4009864,no,,,,,,
Throckmorton Partners,1,20000.0,yes,"THROCKMORTON PARTNERS, LLC",Limited Liability Company - CA,Active,us_ca,"591 REDWOOD HIGHWAY, SUITE 5285, MILL VALLEY, CA, 94941",https://opencorporates.com/companies/us_ca/201431010039,no,,,,,,
Lighthouse Public Affairs LLC,2,20000.0,yes,"LIGHTHOUSE PUBLIC AFFAIRS, LLC",Limited Liability Company - Out of State,Active,us_ca,"857 MONTGOMERY STREET, SAN FRANCISCO, CA, 94133",https://opencorporates.com/companies/us_ca/201714010017,no,,,,,,
Harper Collins,1,20000.0,yes,HARPER COLLINS PUBLISHERS,Stock Corporation - CA - General,Active,us_ca,"502 W LEMON AVE, ARCADIA, CA, 91007",https://opencorporates.com/companies/us_ca/5415713,no,,,,,,
Shah Capital Partners,1,20000.0,yes,SHAH CAPITAL PARTNERS LLC,Domestic Limited Liability Company,Active,us_in,,https://opencorporates.com/companies/us_in/202109101521585,no,,,,,,
Owner/Founder,1,19600.0,yes,"Founder To Owner, LLC",Domestic Limited Liability Company,Active/Compliance,us_ga,"8735 DUNWOODY PLACE STE R, Atlanta, GA, 30350",https://opencorporates.com/companies/us_ga/26037522,no,,,,,,
Hunco Development,1,18000.0,yes,"HUNCO DEVELOPMENT, INC.",Stock Corporation - CA - General,Active,us_ca,"27286 VIA INDUSTRIA, SUITE B, TEMECULA, CA, 92590",https://opencorporates.com/companies/us_ca/0712606,no,,,,,,
Matrix Partners,1,15562.5,yes,"Matrix Partners Land, LLC",Limited Liability Company - CA,Active,us_ca,"849 HOT SPRINGS ROAD, SANTA BARBARA, CA, 93108",https://opencorporates.com/companies/us_ca/202463418998,no,,,,,,
"Carleton Management, Inc.",1,15000.0,yes,"CARLETON MANAGEMENT, INC.",Stock Corporation - CA - General,Active,us_ca,"153 S. SIERRA STREET, BOX 1007, SOLANA BEACH, CA, 92075",https://opencorporates.com/companies/us_ca/2716314,no,,,,,,
Brener Group,1,15000.0,yes,"THE BRENER GROUP, INC.",Stock Corporation - CA - General,Active,us_ca,"4 FOREST VIEW, MISSION VIEJO, CA, 92692",https://opencorporates.com/companies/us_ca/2310715,no,,,,,,
SAFETY AND RECRUITING SUPPORT INC,1,15000.0,no,,,,,,,no,,,,,,
Lionel Foundation,1,15000.0,yes,THE CLARA LIONEL FOUNDATION,Nonprofit Corporation - CA - Public Benefit,Active,us_ca,"545 FIFTH AVENUE, SUITE 1103, NEW YORK, NY, 10017",https://opencorporates.com/companies/us_ca/3486104,no,,,,,,
Archipelago LLC,1,15000.0,yes,ARCHIPELAGO LLC,Limited Liability Company - CA,Active,us_ca,"3131 BOULDER ST, LOS ANGELES, CA, 90063",https://opencorporates.com/companies/us_ca/201817810563,no,,,,,,
Auradine,1,15000.0,yes,"AURADINE, INC.",Domestic Corporation,,us_de,"New Castle, DE",https://opencorporates.com/companies/us_de/6344288,no,,,,,,
Generation Tux,1,15000.0,yes,"GENERATION TUX, INC.",Stock Corporation - Out of State - Stock,Active,us_ca,"11000 ELECTRON DR, LOUISVILLE, KY, 40299",https://opencorporates.com/companies/us_ca/3650673,no,,,,,,
The Price Philanthropies Foundation,1,15000.0,no,,,,,,,no,,,,,,
La Mamba,1,15000.0,yes,"LA MAMBA, LLC",Limited Liability Company - CA,Active,us_ca,"150 N. MYERS ST., LOS ANGELES, CA, 90033",https://opencorporates.com/companies/us_ca/200824910049,no,,,,,,
The Scott Foundation,1,15000.0,yes,THE SCOTT FOUNDATION,Nonprofit Corporation - CA - Public Benefit,Active,us_ca,"GW & WADE, LLC, 540 COWPER STREET, SUITE, 100, PALO ALTO, CA, 94301",https://opencorporates.com/companies/us_ca/3641844,no,,,,,,
Uncommon Productions,1,15000.0,yes,UNCOMMON PRODUCTIONS LLC,Limited Liability Company - CA,Active,us_ca,"5301 ROSEWOOD AVENUE, LOS ANGELES, CA, 90004",https://opencorporates.com/companies/us_ca/200006910030,no,,,,,,
Alabbasi Construction,1,15000.0,no,,,,,,,no,,,,,,
M medical group,1,15000.0,yes,M-CARE MEDICAL GROUP PC,Stock Corporation - CA - Professional,Active,us_ca,"1348 W. HERNDON AVE, SUITE 101, FRESNO, CA, 93711",https://opencorporates.com/companies/us_ca/5369125,no,,,,,,
Coastal Construction,1,15000.0,yes,COASTAL CONSTRUCTION GROUP,Stock Corporation - CA - General,Active,us_ca,"179 ROYMAR RD STE E, OCEANSIDE, CA, 92058",https://opencorporates.com/companies/us_ca/4221816,no,,,,,,
SocialTrader.AI,1,15000.0,yes,SOCIALTRADER.AI INC.,Domestic Corporation,,us_de,"Sussex, DE",https://opencorporates.com/companies/us_de/7331562,no,,,,,,
The Los Angeles Sentinel,1,12657.0,no,,,,,,,no,,,,,,
Certain Inc.,1,12500.0,yes,"CERTAIN, INC.",Stock Corporation - CA - General,Active,us_ca,"ONE MONTGOMERY STREET, SUITE 3441, SAN FRANCISCO, CA, 94104",https://opencorporates.com/companies/us_ca/3405445,no,,,,,,
CSBio,1,12500.0,yes,CSBIO INSTRUMENTATION CO.,Stock Corporation - CA - General,Active,us_ca,"915 LINDA VISTA AVE, MOUNTAIN VIEW, CA, 94043",https://opencorporates.com/companies/us_ca/4524684,no,,,,,,
Newchem21 Inc.,1,11492.0,yes,NEWCHEM21 INC.,Corporation,,us_de,,https://opencorporates.com/companies/us_de/6999140,no,,,,,,
Boucher LLP,1,10375.0,yes,SMITHWICK BOUCHER LLP,Domestic Limited Liability Limited Partnership,Statutorily Dissolved,us_ar,"511 COMMERCE ROAD
PINE BLUFF, AR 71601",https://opencorporates.com/companies/us_ar/100209892,no,,,,,,
Stanlee R. Gatti Designs,1,10375.0,yes,STANLEE R. GATTI DESIGNS,Stock Corporation - CA - General,Merged Out,us_ca,"1208 HOWARD STREET, SAN FRANCISCO, CA, 94103",https://opencorporates.com/companies/us_ca/2066556,no,,,,,,
Phil Hellmuth Jr,1,10375.0,yes,"PHIL HELLMUTH, JR. FAN CLUB LLC",Domestic Limited-Liability Company,Dissolved,us_nv,,https://opencorporates.com/companies/us_nv/E0520032007-3,no,,,,,,
"BRDBND, LLC",1,10350.25,yes,"BRDBND, LLC",Limited Liability Company - Out of State,Active,us_ca,"618 S GLASGOW AVE, INGLEWOOD, CA, 90301",https://opencorporates.com/companies/us_ca/201333810291,no,,,,,,
Self Employed - Kelly Day,1,10000.0,no,,,,,,,no,,,,,,
Seaside Auto Group,1,10000.0,yes,"SEASIDE AUTO GROUP, LLC",Limited Liability Company - CA,Active,us_ca,"3640 STEVENS CREEK BLVD, SAN JOSE, CA, 95117",https://opencorporates.com/companies/us_ca/202116810511,no,,,,,,
The Change Company CDFI LLC,1,10000.0,yes,THE CHANGE COMPANY CDFI LLC,Limited Liability Company - Out of State,Active,us_ca,"175 N RIVERVIEW DRIVE, STE D, ANAHEIM, CA, 92808",https://opencorporates.com/companies/us_ca/202105410932,no,,,,,,
Self Employed-Daryl Nelson,1,10000.0,no,,,,,,,no,,,,,,
"The Oppenheim Group, Inc.",1,10000.0,yes,"THE OPPENHEIM GROUP, INC.",Stock Corporation - CA - General,Active,us_ca,"8606 SUNSET BLVD, WEST HOLLYWOOD, CA, 90069",https://opencorporates.com/companies/us_ca/3728568,no,,,,,,
Xyz Venture Capital,1,10000.0,yes,"XYZ VENTURE CAPITAL, LLC",Limited Liability Company - Out of State,Active,us_ca,"2910 LAKE STREET, SAN FRANCISCO, CA, 94121",https://opencorporates.com/companies/us_ca/202100611002,no,,,,,,
Wolff Urban Mgmt,1,10000.0,no,,,,,,,no,,,,,,
Wintec,1,10000.0,yes,"WINTEC INDUSTRIES, INC.",Stock Corporation - CA - General,Active,us_ca,"8674 THORNTON AVENUE, NEWARK, CA, 94560",https://opencorporates.com/companies/us_ca/1503878,no,,,,,,
Wild Fox Foods,1,10000.0,yes,"WILD FOX FOODS, LLC",Limited Liability Company - CA,Active,us_ca,"4300 SPYRES WAY, MODESTO, CA, 95356",https://opencorporates.com/companies/us_ca/202462312490,no,,,,,,
Wachtell Lipton,1,10000.0,yes,"THE WACHTELL, LIPTON, ROSEN & KATZ FOUNDATION",DOMESTIC NOT-FOR-PROFIT CORPORATION,Active,us_ny,"299 PARK AVE., NEW YORK, NY, 10171",https://opencorporates.com/companies/us_ny/718707,no,,,,,,
"WSCG, Inc.",1,10000.0,yes,"WSCG, Inc.",Stock Corporation - Out of State - Stock,Active,us_ca,"579 SOUTH MOSS HILL DR, BOUNTIFUL, UT, 84010",https://opencorporates.com/companies/us_ca/B20250178562,no,,,,,,
"Vikram Lakireddy, Cardiologist",1,10000.0,no,,,,,,,no,,,,,,
VETERAN,1,10000.0,yes,"VETERAN SUPPLY SERVICES, LLC",Limited Liability Company - CA,Active,us_ca,"10880 WILSHIRE BLVD, STE 1101, LOS ANGELES, CA, 90024",https://opencorporates.com/companies/us_ca/201335710525,no,,,,,,
Untitled Entertainment,1,10000.0,yes,"UNTITLED ENTERTAINMENT, INC.",Stock Corporation - Out of State - Stock,Active,us_ca,"200 PARK AVE SOUTH, 8TH FL, NEW YORK, NY, 10003",https://opencorporates.com/companies/us_ca/2863642,no,,,,,,
US Dept of Commerce,1,10000.0,yes,U.S. DEPT. OF COMMERCE AND JUSTICE BENEFICIAL ASSOC.,Domestic Nonprofit Corporation,Revoked,us_dc,,https://opencorporates.com/companies/us_dc/028757,no,,,,,,
Tuttle-Click Automotive Group,1,10000.0,no,,,,,,,no,,,,,,
Tumanjan Homes,1,10000.0,yes,TUMANJAN HOMES CORPORATION,Stock Corporation - CA - General,Active,us_ca,"609 DEEP VALLEY DR #345, ROLLING HILLS, CA, 90274",https://opencorporates.com/companies/us_ca/3636262,no,,,,,,
The Range,1,10000.0,yes,The Range,Nonprofit Corporation - CA - Public Benefit,Active,us_ca,"887 BEAL ROAD, NILAND, CA, 92257",https://opencorporates.com/companies/us_ca/5743336,no,,,,,,
The Oppenheim Group,1,10000.0,yes,"THE OPPENHEIM GROUP, INC.",Stock Corporation - CA - General,Active,us_ca,"8606 SUNSET BLVD, WEST HOLLYWOOD, CA, 90069",https://opencorporates.com/companies/us_ca/3728568,no,,,,,,
Signum Global,1,10000.0,yes,SIGNUM GLOBAL PTY LTD,"Australian Proprietary Company, Limited By Shares",Registered,au,"UPPER MOUNT GRAVATT, Queensland, 4122",https://opencorporates.com/companies/au/608739626,no,,,,,,
The Lawrence & Junko Cushman Foundation,1,10000.0,yes,THE LAWRENCE & JUNKO CUSHMAN FOUNDATION,Nonprofit Corporation - CA - Public Benefit,Active,us_ca,"2650 CAMINO DEL RIO N, STE. 310, SAN DIEGO, CA, 92108",https://opencorporates.com/companies/us_ca/1550440,no,,,,,,
The Ginn Family Trust,1,10000.0,no,,,,,,,no,,,,,,
The Corky McMillin Companies,1,10000.0,yes,"The Corky McMillin Companies, LLC",Limited Liability Company - Out of State,Active,us_ca,"880 CANARIOS CT, SUITE 220, CHULA VISTA, CA, 91910",https://opencorporates.com/companies/us_ca/B20250403954,no,,,,,,
Temple Park,1,10000.0,yes,TEMPLE PARK LLC,Limited Liability Company - CA,Active,us_ca,"825 VALLEY CREST ST, LA CANADA, CA, 91011",https://opencorporates.com/companies/us_ca/202102811029,no,,,,,,
Tampa Bay Buccaneers,1,10000.0,yes,"TAMPA BAY BUCCANEERS FOUNDATION, INC.",Domestic Non Profit,Active,us_fl,,https://opencorporates.com/companies/us_fl/N02000005444,no,,,,,,
Tai eng,1,10000.0,yes,TAI-ENG DISCOUNT CO. INC.,Stock Corporation - CA - General,Active,us_ca,"469 E ARROW HWY, AZUSA, CA, 91702",https://opencorporates.com/companies/us_ca/1374819,no,,,,,,
"Tahir Rana, Physician",1,10000.0,no,,,,,,,no,,,,,,
