pac_id,depth,path,status,total_received,total_donated_all,data_sufficiency,unitemized_amount,small_dollar_amount,under_5k_amount,over_5k_amount,is_federal_pac,is_major_donor_ie,low_data_sufficiency,unknown_data_sufficiency,data_ok,pct_unitemized,pct_small_dollar,pct_over_5k
1018771,0,1018771,resolved,2011986.5,2495500,0.8062458425165298,2011986.5,0,0,0,FALSE,FALSE,FALSE,FALSE,TRUE,1,0,0
1058056,0,1058056,resolved,335550.0899999999,462800,0.7250434096802072,74375.63,21079.169999999995,240095.2899999999,0,FALSE,FALSE,TRUE,FALSE,FALSE,0.22165283877587405,0.06281974175599238,0
1256259,0,1256259,resolved,19904.67,266000,0.0748295864661654,0,0,0,19904.67,FALSE,FALSE,TRUE,FALSE,FALSE,0,0,1
1031555,0,1031555,resolved,269685.54000000056,210800,1.279343168880458,8173.82,5546,221850.3400000006,34115.380000000005,FALSE,FALSE,FALSE,FALSE,TRUE,0.030308706948099562,0.020564691751734216,0.12650059028007188
1040629,0,1040629,resolved,170138.37999999998,96500,1.7630920207253884,170138.37999999998,0,0,0,FALSE,FALSE,FALSE,FALSE,TRUE,1,0,0
1021564,0,1021564,resolved,528323.1,788250,0.6702481446241674,478811.54,0,0,49511.560000000005,FALSE,FALSE,TRUE,FALSE,FALSE,0.906285452973758,0,0.0937145470262421
1018378,0,1018378,resolved,1414472.49,988359.92,1.43113096896928,800,0,679956.61,733715.88,FALSE,FALSE,FALSE,FALSE,TRUE,5.655818728577747e-4,0,0.5187205019448629
1452790,0,1452790,unresolved,NA,313600,NA,NA,NA,NA,NA,FALSE,FALSE,FALSE,TRUE,FALSE,NA,NA,NA
1254059,0,1254059,resolved,67089.64,131000,0.5121346564885496,50,500,42375,24164.64,FALSE,FALSE,TRUE,FALSE,FALSE,7.45271550123089e-4,0.0074527155012308905,0.36018437421932803
1342002,0,1342002,resolved,18620,42000,0.44333333333333336,0,200,8620,9800,FALSE,FALSE,TRUE,FALSE,FALSE,0,0.010741138560687433,0.5263157894736842
1018725,0,1018725,resolved,3878501.4500001296,3472429.27,1.116941814627697,1262299.0000000002,464934.94000002334,2108584.1400000043,42683.37,FALSE,FALSE,FALSE,FALSE,TRUE,0.32546049454228204,0.11987489137074006,0.011005119000277433
1023815,0,1023815,resolved,6883360.399999999,3426680,2.0087549464788075,3414628.9499999997,0,0,3468731.4499999997,FALSE,FALSE,FALSE,FALSE,TRUE,0.4960700517729683,0,0.5039299482270316
1048313,0,1048313,resolved,172133.63,165302.03999999998,1.0413279231157706,0,0,0,172133.63,FALSE,FALSE,FALSE,FALSE,TRUE,0,0,1
1379198,0,1379198,resolved,280000,248000,1.1290322580645162,0,0,0,280000,FALSE,FALSE,FALSE,FALSE,TRUE,0,0,1
1035434,0,1035434,resolved,2913863,2571700,1.1330493447913832,0,0,0,2913863,FALSE,FALSE,FALSE,FALSE,TRUE,0,0,1
1047567,0,1047567,resolved,226174.44999999984,193400,1.169464581178903,180,2400,118749.45000000006,104845,FALSE,FALSE,FALSE,FALSE,TRUE,7.958458614578266e-4,0.010611278152771022,0.46355810746969905
1445789,0,1445789,resolved,455000,151800,2.997364953886693,0,0,0,455000,FALSE,FALSE,FALSE,FALSE,TRUE,0,0,1
1053896,0,1053896,resolved,570200.43,529900,1.076052896772976,570200.43,0,0,0,FALSE,FALSE,FALSE,FALSE,TRUE,1,0,0
1343340,0,1343340,resolved,67428.31,36137.88,1.865862358278903,2246,910,64272.31,0,FALSE,FALSE,FALSE,FALSE,TRUE,0.03330945117859249,0.013495815036740503,0
1018977,0,1018977,resolved,3844378.73,2874626.0100000002,1.3373491774674369,3844378.73,0,0,0,FALSE,FALSE,FALSE,FALSE,TRUE,1,0,0
1069562,0,1069562,resolved,480173.72,306800,1.5651033898305085,480173.72,0,0,0,FALSE,FALSE,FALSE,FALSE,TRUE,1,0,0
1018937,0,1018937,resolved,1645347.6800000002,1651620,0.9962023225681453,0,0,4100,1641247.6800000002,FALSE,FALSE,FALSE,FALSE,TRUE,0,0,0.9975081254558915
1018954,0,1018954,resolved,741729.13,573500,1.2933376285963383,741729.13,0,0,0,FALSE,FALSE,FALSE,FALSE,TRUE,1,0,0
1344506,0,1344506,resolved,1746040.04,1637000,1.066609676237019,0,0,2040.04,1744000,FALSE,FALSE,FALSE,FALSE,TRUE,0,0,0.9988316190045676
1019216,0,1019216,resolved,574905.4,60500,9.502568595041323,558495,0,0,16410.4,FALSE,FALSE,FALSE,FALSE,TRUE,0.9714554777185951,0,0.028544522281404906
1020015,0,1020015,resolved,146164.37,84700,1.7256714285714285,394.37,0,112601.59999999998,33168.40000000001,FALSE,FALSE,FALSE,FALSE,TRUE,0.002698126773303234,0,0.22692534439138629
1034810,0,1034810,resolved,1626399,379650,4.2839431054919,1626399,0,0,0,FALSE,FALSE,FALSE,FALSE,TRUE,1,0,0
1282378,0,1282378,resolved,499800,396347.62,1.2610142581403667,0,0,0,499800,FALSE,FALSE,FALSE,FALSE,TRUE,0,0,1
1043345,0,1043345,resolved,6399550.32,1069000,5.986482993451824,6328690.5,0,0,70859.82,FALSE,FALSE,FALSE,FALSE,TRUE,0.9889273751346953,0,0.011072624865304598
1039598,0,1039598,resolved,60982,119200,0.5115939597315436,8327,850,36205,15600,FALSE,FALSE,TRUE,FALSE,FALSE,0.13654848971827752,0.013938539241087533,0.2558131907776065
1018862,0,1018862,resolved,894659.5,298500,2.997184254606365,894659.5,0,0,0,FALSE,FALSE,FALSE,FALSE,TRUE,1,0,0
1031089,0,1031089,resolved,3109361.52,1597700,1.9461485385241284,3109361.52,0,0,0,FALSE,FALSE,FALSE,FALSE,TRUE,1,0,0
1435181,0,1435181,unresolved,NA,73955,NA,NA,NA,NA,NA,FALSE,FALSE,FALSE,TRUE,FALSE,NA,NA,NA
1018801,0,1018801,resolved,66707.5300000001,119000,0.5605674789915975,116.12,0,66591.4100000001,0,FALSE,FALSE,TRUE,FALSE,FALSE,0.0017407330176968001,0,0
1022714,0,1022714,resolved,76925,93500,0.8227272727272728,0,0,22925,54000,FALSE,FALSE,FALSE,FALSE,TRUE,0,0,0.7019824504387391
1479934,0,1479934,resolved,184296.24,35000,5.265606857142857,184296.24,0,0,0,TRUE,FALSE,FALSE,FALSE,FALSE,1,0,0
1038947,0,1038947,resolved,2267007.0200000005,2250553.32,1.0073109576448518,2206548.6500000004,0,0,60458.37,FALSE,FALSE,FALSE,FALSE,TRUE,0.9733311941839509,0,0.026668805816049034
1403112,0,1403112,resolved,358675.80000000005,19500,18.39363076923077,358675.80000000005,0,0,0,TRUE,FALSE,FALSE,FALSE,FALSE,1,0,0
1021268,0,1021268,resolved,3065577.4299999992,891200,3.439831048025134,10880.87,7150,125874.05,2921672.51,FALSE,FALSE,FALSE,FALSE,TRUE,0.0035493704688450826,0.0023323501569490618,0.9530578094059103
1018912,0,1018912,resolved,604872,686118.02,0.8815859405645693,250,82,24609,579931,FALSE,FALSE,FALSE,FALSE,TRUE,4.133105847187504e-4,1.3556587178775012e-4,0.9587664828261185
1295768,0,1295768,resolved,2337110.16,1382500,1.6904955949367089,2302483.29,0,0,34626.87,FALSE,FALSE,FALSE,FALSE,TRUE,0.9851838947976675,0,0.01481610520233244
1377585,0,1377585,resolved,1814078.03,884200,2.051660291789188,0,0,19500,1794578.03,FALSE,FALSE,FALSE,FALSE,TRUE,0,0,0.9892507380181436
1047153,0,1047153,resolved,239277.36000000002,39630,6.0377834973504925,239277.36000000002,0,0,0,FALSE,FALSE,FALSE,FALSE,TRUE,1,0,0
1039318,0,1039318,resolved,1025779.8799999998,524200,1.956848302174742,330046.62,3551.5399999999995,38507.96,653673.7599999998,FALSE,FALSE,FALSE,FALSE,TRUE,0.32175189476323135,0.0034622827657723215,0.637245643773009
1358788,0,1358788,resolved,261450,154300,1.6944264419961115,0,0,6500,254950,FALSE,FALSE,FALSE,FALSE,TRUE,0,0,0.975138649837445
1064861,0,1064861,resolved,788800,358268.11,2.201703076503237,0,0,26500,762300,FALSE,FALSE,FALSE,FALSE,TRUE,0,0,0.9664046653144016
1385674,0,1385674,resolved,10000,5000,2,0,0,0,10000,FALSE,FALSE,FALSE,FALSE,TRUE,0,0,1
1356185,0,1356185,resolved,489103.20000000397,399950,1.2229108638579922,276607,136353.69999999925,4812.1,71330.40000000001,FALSE,FALSE,FALSE,FALSE,TRUE,0.5655391336634022,0.27878308708672966,0.1458391603244457
1018449,0,1018449,resolved,1882899.4900000002,1228400,1.5328064881146208,2155.58,241.5,107562.29999999997,1772940.1099999999,FALSE,FALSE,FALSE,FALSE,TRUE,0.001144819472015471,1.2825963429412792e-4,0.9416010357515152
1437185,0,1437185,resolved,128004.67000000001,97080.19,1.3185457300814925,2473,153.88,64072.39,61305.4,FALSE,FALSE,FALSE,FALSE,TRUE,0.019319607636190145,0.0012021436405406144,0.47893096400311014
1038907,0,1038907,resolved,1598907.4800000582,1952800,0.8187768742319019,1174886.6900000002,145606.85999999693,278413.9300000004,0,FALSE,FALSE,FALSE,FALSE,TRUE,0.7348059251057838,0.09106646996234681,0
1418060,0,1418060,resolved,47347.33,37500,1.2625954666666668,0,50,27297.33,20000,FALSE,FALSE,FALSE,FALSE,TRUE,0,0.0010560257568906209,0.42241030275624836
1456636,0,1456636,unresolved,NA,109025,NA,NA,NA,NA,NA,FALSE,FALSE,FALSE,TRUE,FALSE,NA,NA,NA
1416440,0,1416440,unresolved,NA,91500,NA,NA,NA,NA,NA,FALSE,FALSE,FALSE,TRUE,FALSE,NA,NA,NA
1264590,0,1264590,resolved,11390941,11296700,1.0083423477652766,0,0,15000,11375941,FALSE,FALSE,FALSE,FALSE,TRUE,0,0,0.998683164103826
1363067,0,1363067,resolved,195810.06999999983,267100,0.7330964807188313,65248.69,9595.099999999995,120966.27999999996,0,FALSE,FALSE,TRUE,FALSE,FALSE,0.3332243842208935,0.04900207634878024,0
1069124,0,1069124,resolved,462569.6799999999,242100,1.9106554316398177,7868.91,183.67,454517.0999999999,0,FALSE,FALSE,FALSE,FALSE,TRUE,0.01701129654671703,3.9706450280096187e-4,0
1018846,0,1018846,resolved,1442036.6500000001,1776800,0.8115919912201712,772.1800000000001,0,68100.86,1373163.61,FALSE,FALSE,FALSE,FALSE,TRUE,5.354787619302186e-4,0,0.9522390502349576
1358723,0,1358723,unresolved,NA,2572900,NA,NA,NA,NA,NA,FALSE,FALSE,FALSE,TRUE,FALSE,NA,NA,NA
1432932,0,1432932,resolved,2152528,1175337.8699999999,1.8314121028024055,0,0,10500,2142028,FALSE,FALSE,FALSE,FALSE,TRUE,0,0,0.9951220146729799
1442900,0,1442900,resolved,179663.37,72100,2.4918636615811374,0,0,14450,165213.37,FALSE,FALSE,FALSE,FALSE,TRUE,0,0,0.9195718080986681
1052411,0,1052411,resolved,1786987.62,1520100,1.1755724097098876,1786987.62,0,0,0,FALSE,FALSE,FALSE,FALSE,TRUE,1,0,0
1247549,0,1247549,resolved,574842.75,409742.12,1.402937901526941,555860.63,0,0,18982.12,FALSE,FALSE,FALSE,FALSE,TRUE,0.966978586752638,0,0.03302141324736199
1422595,0,1422595,resolved,444020,138350,3.209396458258041,0,0,0,444020,FALSE,FALSE,FALSE,FALSE,TRUE,0,0,1
1018766,0,1018766,resolved,443479.2,408100,1.0866924773339868,2442.3,287.5,23650,417099.4,FALSE,FALSE,FALSE,FALSE,TRUE,0.005507135396654455,6.482829408910271e-4,0.9405162632204622
1077374,0,1077374,resolved,17726290.03,24318079.980000004,0.7289346052228913,17185812.93,0,0,540477.1,FALSE,FALSE,TRUE,FALSE,FALSE,0.9695098580083426,0,0.030490141991657345
1373047,0,1373047,resolved,22421094.51,22568703.01,0.9934595931394642,22421094.51,0,0,0,FALSE,FALSE,FALSE,FALSE,TRUE,1,0,0
1358150,0,1358150,resolved,2514947.35,868383.04,2.8961267483989555,2514947.35,0,0,0,FALSE,FALSE,FALSE,FALSE,TRUE,1,0,0
1318200,0,1318200,resolved,827532.37,800030,1.0343766733747484,0,0,0,827532.37,FALSE,FALSE,FALSE,FALSE,TRUE,0,0,1
1244001,0,1244001,resolved,186142.52,35000,5.318357714285714,0,0,1142.52,185000,FALSE,FALSE,FALSE,FALSE,TRUE,0,0,0.9938621224210353
1438874,0,1438874,resolved,1962685.44,79300,24.750131651954604,133676.09000000003,22776.32,143208.02000000002,1663025.01,FALSE,FALSE,FALSE,FALSE,TRUE,0.0681087693807929,0.011604671607488973,0.8473212141421909
1036697,0,1036697,resolved,2194803.69,2209700,0.9932586731230484,2167824.02,0,0,26979.67,FALSE,FALSE,FALSE,FALSE,TRUE,0.987707479205122,0,0.012292520794878014
1019841,0,1019841,resolved,106595,26066.43,4.089359379094107,0,0,0,106595,FALSE,FALSE,FALSE,FALSE,TRUE,0,0,1
1022794,0,1022794,resolved,55500.000000000015,30000,1.8500000000000005,0,0,36000.000000000015,19500,FALSE,FALSE,FALSE,FALSE,TRUE,0,0,0.35135135135135126
1486767,0,1486767,resolved,138026201.51,137600000,1.0030973946947674,25,0,0,138026176.51,FALSE,FALSE,FALSE,FALSE,TRUE,1.8112503080213182e-7,0,0.9999998188749692
1476859,0,1476859,resolved,3033718.749999909,174221.91999999998,17.412956704873356,770940.61,139230.03999999963,1749997.7799999423,373550.32000000007,FALSE,FALSE,FALSE,FALSE,TRUE,0.25412395595340637,0.04589418185189507,0.12313281183366495
1355868,0,1355868,resolved,15500,20000,0.775,0,0,0,15500,FALSE,FALSE,FALSE,FALSE,TRUE,0,0,1
1018473,0,1018473,resolved,2500000,1363178,1.8339497849877273,2500000,0,0,0,FALSE,FALSE,FALSE,FALSE,TRUE,1,0,0
1296948,0,1296948,resolved,1493395.8599999999,501466,2.9780600479394415,1441938.19,0,0,51457.67,FALSE,FALSE,FALSE,FALSE,TRUE,0.9655431815647326,0,0.03445681843526739
1302384,0,1302384,resolved,5912913,2165577.1399999997,2.7304097788915525,5912913,0,0,0,FALSE,FALSE,FALSE,FALSE,TRUE,1,0,0
1476845,0,1476845,resolved,1191841.57,54090,22.03441615825476,5953,1400,358159.66000000003,826328.9099999999,FALSE,FALSE,FALSE,FALSE,TRUE,0.004994791379864355,0.001174652768656156,0.693321101394374
1029583,0,1029583,resolved,231072.71,124800,1.8515441506410255,0,300,69569,161203.71,FALSE,FALSE,FALSE,FALSE,TRUE,0,0.0012982926456352201,0.6976319704737093
1273063,0,1273063,resolved,1362357.66,1248195,1.0914621994159566,1318044,0,0,44313.659999999996,FALSE,FALSE,FALSE,FALSE,TRUE,0.9674728147379449,0,0.03252718526205519
1449477,0,1449477,resolved,892926,556370.6900000001,1.604912005698934,476,400,6950,885100,FALSE,FALSE,FALSE,FALSE,TRUE,5.330788889560837e-4,4.47965452904272e-4,0.9912355559139279
1374983,0,1374983,resolved,911664.7,1346300,0.6771631137190819,911664.7,0,0,0,FALSE,FALSE,TRUE,FALSE,FALSE,1,0,0
1018915,0,1018915,resolved,564032.87,435150,1.2961803286223141,564032.87,0,0,0,FALSE,FALSE,FALSE,FALSE,TRUE,1,0,0
1325942,0,1325942,resolved,2180266.48,1657800,1.3151565206900713,2180266.48,0,0,0,TRUE,FALSE,FALSE,FALSE,FALSE,1,0,0
1475565,0,1475565,unresolved,NA,19100,NA,NA,NA,NA,NA,FALSE,FALSE,FALSE,TRUE,FALSE,NA,NA,NA
1478170,0,1478170,resolved,817948.93,107922.27,7.579056018743861,35,200,287538.93,530175,FALSE,FALSE,FALSE,FALSE,TRUE,4.278995755884172e-5,2.4451404319338126e-4,0.6481761642502546
1464730,0,1464730,resolved,230650.83,208555.66,1.105943756213569,225000,0,0,5650.83,FALSE,FALSE,FALSE,FALSE,TRUE,0.9755005000415564,0,0.02449949995844368
1316497,0,1316497,resolved,832740.8000000035,199900,4.165786893446741,90581.46,18725.99,663433.3500000016,60000,FALSE,FALSE,FALSE,FALSE,TRUE,0.10877509544386395,0.02248717728253488,0.07205123130750858
1043298,0,1043298,resolved,160056,30500,5.247737704918033,160056,0,0,0,FALSE,FALSE,FALSE,FALSE,TRUE,1,0,0
1065182,0,1065182,resolved,736836.3400000001,749700,0.9828415899693211,0,0,0,736836.3400000001,FALSE,FALSE,FALSE,FALSE,TRUE,0,0,1
1319072,0,1319072,resolved,10028.779999999999,14500,0.6916399999999999,0,0,0,10028.779999999999,FALSE,FALSE,TRUE,FALSE,FALSE,0,0,1
1020788,0,1020788,resolved,3828163.1300000004,3405525,1.1241036638991053,3793311.5500000003,0,0,34851.58,FALSE,FALSE,FALSE,FALSE,TRUE,0.9908960044761729,0,0.009103995523827116
1070224,0,1070224,resolved,480510,474300,1.0130929791271348,0,0,0,480510,FALSE,FALSE,FALSE,FALSE,TRUE,0,0,1
1448772,0,1448772,resolved,6045371.41,65308.15999999999,92.56686162954217,6045371.41,0,0,0,TRUE,FALSE,FALSE,FALSE,FALSE,1,0,0
1268914,0,1268914,resolved,6155502.810001109,3089150.0999999996,1.9926201740734804,1433142.4100000001,230856.95999999897,3492239.3399998425,999264.1000000001,FALSE,FALSE,FALSE,FALSE,TRUE,0.2328229641405593,0.03750415963175515,0.16233671413104594
1455363,0,1455363,unresolved,NA,11000,NA,NA,NA,NA,NA,FALSE,FALSE,FALSE,TRUE,FALSE,NA,NA,NA
1478478,0,1478478,unresolved,NA,32500,NA,NA,NA,NA,NA,FALSE,TRUE,FALSE,TRUE,FALSE,NA,NA,NA
1047526,0,1047526,resolved,8600,77200,0.11139896373056994,0,100,3500,5000,FALSE,FALSE,TRUE,FALSE,FALSE,0,0.011627906976744186,0.5813953488372093
1018676,0,1018676,resolved,1267390.5000000002,2856800,0.4436399117894148,754271.4,41667.5,353508.37000000005,117943.23,FALSE,FALSE,TRUE,FALSE,FALSE,0.5951373313907591,0.03287660748601161,0.09305989748226767
1331005,0,1331005,resolved,85525.68,133831.4,0.639055408521468,8199.04,0,7326.64,70000,FALSE,FALSE,TRUE,FALSE,FALSE,0.09586641111769005,0,0.8184676228239285
1059236,0,1059236,unresolved,NA,32706.56,NA,NA,NA,NA,NA,FALSE,FALSE,FALSE,TRUE,FALSE,NA,NA,NA
1018869,0,1018869,resolved,69153.47,71863.2,0.9622932182257401,58520.4,0,0,10633.07,FALSE,FALSE,FALSE,FALSE,TRUE,0.8462395307133539,0,0.15376046928664605
1019718,0,1019718,resolved,12976.5,12500,1.03812,12451.5,0,525,0,FALSE,FALSE,FALSE,FALSE,TRUE,0.9595422494509305,0,0
1237416,0,1237416,resolved,78385.66,65900,1.18946373292868,64824,0,0,13561.659999999996,FALSE,FALSE,FALSE,FALSE,TRUE,0.8269879975495518,0,0.17301200245044815
1251912,0,1251912,resolved,193272.90000000002,183600,1.052684640522876,0,0,0,193272.90000000002,FALSE,FALSE,FALSE,FALSE,TRUE,0,0,1
1040545,0,1040545,resolved,329361.88999999996,324700,1.0143575300277177,327429.95,1791.4099999999996,140.52999999999997,0,FALSE,FALSE,FALSE,FALSE,TRUE,0.9941342940435521,0.0054390324272185825,0
1047609,0,1047609,resolved,1109419.6200000027,948450,1.1697186145816887,0,0,539704.8499999995,569714.77,FALSE,FALSE,FALSE,FALSE,TRUE,0,0,0.5135250537573859
1056178,0,1056178,resolved,423036,126000,3.357428571428571,423036,0,0,0,FALSE,FALSE,FALSE,FALSE,TRUE,1,0,0
1073398,0,1073398,resolved,44152.5,25150,1.7555666003976143,0,0,0,44152.5,FALSE,FALSE,FALSE,FALSE,TRUE,0,0,1
1018385,0,1018385,unresolved,NA,30522,NA,NA,NA,NA,NA,FALSE,FALSE,FALSE,TRUE,FALSE,NA,NA,NA
1477317,0,1477317,resolved,900636.2,184560,4.879910056350238,2130,200,344636.03,553670.1699999999,FALSE,FALSE,FALSE,FALSE,TRUE,0.0023649948780650834,2.220652467666745e-4,0.614754514641983
1018496,0,1018496,resolved,113050.1,127350,0.8877118178248921,0,0,0,113050.1,FALSE,FALSE,FALSE,FALSE,TRUE,0,0,1
1298011,0,1298011,unresolved,NA,16400,NA,NA,NA,NA,NA,FALSE,FALSE,FALSE,TRUE,FALSE,NA,NA,NA
1051285,0,1051285,resolved,173818.58000000002,25500,6.816414901960785,173818.58000000002,0,0,0,FALSE,FALSE,FALSE,FALSE,TRUE,1,0,0
1021722,0,1021722,resolved,411815.36,549500,0.7494365059144676,2105.6800000000003,74200,335509.68,0,FALSE,FALSE,TRUE,FALSE,FALSE,0.005113165278730741,0.18017783503752752,0
1064202,0,1064202,resolved,38870.99,10000,3.8870989999999996,0,0,2270.9900000000002,36600,FALSE,FALSE,FALSE,FALSE,TRUE,0,0,0.9415762243256476
1460206,0,1460206,resolved,99200,49200,2.016260162601626,0,0,0,99200,FALSE,FALSE,FALSE,FALSE,TRUE,0,0,1
1047683,0,1047683,resolved,760013.3900000001,183200,4.148544705240176,391568.63,27393.880000000005,341050.87999999913,0,FALSE,FALSE,FALSE,FALSE,TRUE,0.5152128043428287,0.03604394390998822,0
1056662,0,1056662,resolved,140000,67500,2.074074074074074,140000,0,0,0,FALSE,FALSE,FALSE,FALSE,TRUE,1,0,0
1476870,0,1476870,resolved,819669.41,142600,5.748032328190743,289,900,330180.41000000003,488300,FALSE,FALSE,FALSE,FALSE,TRUE,3.525811704989698e-4,0.001098003645152501,0.5957279776977403
1049814,0,1049814,resolved,820856,156100,5.258526585522101,808142,8714,4000,0,FALSE,FALSE,FALSE,FALSE,TRUE,0.9845112906526845,0.01061574746362334,0
1349650,0,1349650,resolved,104555,61350,1.7042379788101059,17535,5890,76030,5100,FALSE,FALSE,FALSE,FALSE,TRUE,0.16771077423365693,0.05633398689684855,0.048778155038018266
1066113,0,1066113,unresolved,NA,10000,NA,NA,NA,NA,NA,FALSE,FALSE,FALSE,TRUE,FALSE,NA,NA,NA
1053654,0,1053654,resolved,137012,64100,2.137472698907956,0,0,0,137012,FALSE,FALSE,FALSE,FALSE,TRUE,0,0,1
1477447,0,1477447,resolved,992933.56,379741.49,2.6147618475926877,298.88,2000,482334.68000000005,508300,FALSE,FALSE,FALSE,FALSE,TRUE,3.010070482460075e-4,0.002014233459890307,0.5119174338311215
1340101,0,1340101,resolved,133088,51400,2.5892607003891053,0,0,0,133088,FALSE,FALSE,FALSE,FALSE,TRUE,0,0,1
1072506,0,1072506,resolved,372417.26000000007,179950,2.0695596554598503,364808.17000000004,0,0,7609.089999999999,FALSE,FALSE,FALSE,FALSE,TRUE,0.9795683744625584,0,0.02043162553744152
1282464,0,1282464,resolved,398157.46000000037,28181.05,14.128553052494508,4091.02,4704.88,221457.6600000003,167903.9,FALSE,FALSE,FALSE,FALSE,TRUE,0.010274879692069555,0.011816631540697481,0.42170225819704554
1044790,0,1044790,resolved,53025.29,20500,2.586599512195122,0,0,0,53025.29,FALSE,FALSE,FALSE,FALSE,TRUE,0,0,1
1280902,0,1280902,resolved,43094.91,36500,1.1806824657534247,39806,0,3288.91,0,FALSE,FALSE,FALSE,FALSE,TRUE,0.923682170353761,0,0
1043772,0,1043772,resolved,90000,37500,2.4,0,0,0,90000,FALSE,FALSE,FALSE,FALSE,TRUE,0,0,1
1280263,0,1280263,resolved,59830.530000000006,30800,1.9425496753246756,56142.41,0,3688.120000000001,0,FALSE,FALSE,FALSE,FALSE,TRUE,0.938357223310574,0,0
1025597,0,1025597,resolved,174510.95,73100,2.387290697674419,90722.5,5329.5,69349.5,9109.45,FALSE,FALSE,FALSE,FALSE,TRUE,0.5198670914346635,0.030539630894221823,0.05219987628283498
1047877,0,1047877,resolved,371.46000000000004,6500,0.057147692307692316,0,0,371.46000000000004,0,FALSE,FALSE,TRUE,FALSE,FALSE,0,0,0
1047468,0,1047468,resolved,59722.06,46150,1.2940858071505958,55476.32,0,4245.74,0,FALSE,FALSE,FALSE,FALSE,TRUE,0.9289083464301131,0,0
1047852,0,1047852,resolved,26267.61,13500,1.945748888888889,23335.25,0,2932.36,0,FALSE,FALSE,FALSE,FALSE,TRUE,0.8883659381268414,0,0
1047853,0,1047853,resolved,108659.16,100600,1.0801109343936381,101207.8,0,0,7451.360000000001,FALSE,FALSE,FALSE,FALSE,TRUE,0.9314244652728771,0,0.06857553472712287
1047878,0,1047878,resolved,74369.6,123700,0.6012093775262732,74369.6,0,0,0,FALSE,FALSE,TRUE,FALSE,FALSE,1,0,0
1055863,0,1055863,resolved,106714.11,23400,4.560432051282051,92862.91,0,0,13851.2,FALSE,FALSE,FALSE,FALSE,TRUE,0.8702027313913784,0,0.12979726860862167
1040377,0,1040377,resolved,383175.44000000047,73280,5.228922489082976,317945.34,45958.14000000001,19271.96,0,FALSE,FALSE,FALSE,FALSE,TRUE,0.829764402436648,0.11994020284807384,0
1491712,0,1491712,resolved,44669.36,5000,8.933872000000001,44669.36,0,0,0,TRUE,FALSE,FALSE,FALSE,FALSE,1,0,0
1476547,0,1476547,resolved,862374.07,96290,8.956008619794371,975.01,900,300699.06000000006,559800,FALSE,FALSE,FALSE,FALSE,TRUE,0.0011306114526379487,0.001043630636992599,0.6491382562093965
1041831,0,1041831,resolved,45978,43500,1.0569655172413792,0,0,0,45978,FALSE,FALSE,FALSE,FALSE,TRUE,0,0,1
1453853,0,1453853,resolved,279375,99000,2.821969696969697,0,0,0,279375,FALSE,FALSE,FALSE,FALSE,TRUE,0,0,1
1258616,0,1258616,resolved,358903.64999999985,71400,5.026661764705881,292996.15,2300,58489.179999999986,5118.32,FALSE,FALSE,FALSE,FALSE,TRUE,0.8163643640849018,0.006408405152747822,0.014260986200614015
1477034,0,1477034,resolved,875743.88,101711.49,8.610078173075628,68,0,322175.88,553500,FALSE,FALSE,FALSE,FALSE,TRUE,7.764827314579691e-5,0,0.6320341056793911
1468676,0,1468676,resolved,178221.78999999998,136800,1.3027908625730993,103.85,0,22559.96,155557.97999999998,FALSE,FALSE,FALSE,FALSE,TRUE,5.827009144055843e-4,0,0.8728336753884023
1468673,0,1468673,resolved,201613.78999999998,134500,1.498987286245353,0.5,0,13133.410000000002,188479.87999999998,FALSE,FALSE,FALSE,FALSE,TRUE,2.479989092015978e-6,0,0.9348560929289609
1018435,0,1018435,resolved,554875.9899999999,316600,1.7526089387239414,2569.84,477.5,264350.75000000006,287477.9,FALSE,FALSE,FALSE,FALSE,TRUE,0.004631377183936181,8.605526434834567e-4,0.5180939618598385
1468668,0,1468668,resolved,168427.97999999998,136800,1.2311986842105263,75.67999999999999,0,39845.42999999999,128506.87000000001,FALSE,FALSE,FALSE,FALSE,TRUE,4.4933151843298244e-4,0,0.7629781583796232
1026634,0,1026634,resolved,996704.89,940913.83,1.0592945477270752,1452.23,1979.8100000000002,334104.57999999996,659168.27,FALSE,FALSE,FALSE,FALSE,TRUE,0.0014570310776743556,0.0019863552590777397,0.6613474827037319
1047521,0,1047521,resolved,9892642.439999977,5634773.02,1.7556416922007585,9876922.64,4338.699999999999,11381.100000000008,0,FALSE,FALSE,FALSE,FALSE,TRUE,0.9984109604592182,4.385784714564099e-4,0
1020403,0,1020403,resolved,412140.0199999995,73100,5.638030369357038,123231.75,8449.320000000002,280458.94999999966,0,FALSE,FALSE,FALSE,FALSE,TRUE,0.2990045713104982,0.020501090867128147,0
1398311,0,1398311,unresolved,NA,6000,NA,NA,NA,NA,NA,FALSE,FALSE,FALSE,TRUE,FALSE,NA,NA,NA
1042752,0,1042752,resolved,59730,23000,2.5969565217391306,59730,0,0,0,FALSE,FALSE,FALSE,FALSE,TRUE,1,0,0
1047876,0,1047876,resolved,3850.53,5000,0.7701060000000001,1500,0,2350.53,0,FALSE,FALSE,FALSE,FALSE,TRUE,0.389556762315837,0,0
1262838,0,1262838,unresolved,NA,84600,NA,NA,NA,NA,NA,TRUE,FALSE,FALSE,TRUE,FALSE,NA,NA,NA
1042976,0,1042976,resolved,21917.5,10000,2.19175,0,0,0,21917.5,FALSE,FALSE,FALSE,FALSE,TRUE,0,0,1
1043305,0,1043305,unresolved,NA,39200,NA,NA,NA,NA,NA,FALSE,FALSE,FALSE,TRUE,FALSE,NA,NA,NA
1247000,0,1247000,resolved,13668986.99,104100,131.3063111431316,13648572.01,0,0,20414.98,TRUE,FALSE,FALSE,FALSE,FALSE,0.9985064745459971,0,0.0014935254540029378
1367567,0,1367567,resolved,21700,12300,1.7642276422764227,0,100,2000,19600,FALSE,FALSE,FALSE,FALSE,TRUE,0,0.004608294930875576,0.9032258064516129
1019401,0,1019401,resolved,2734188.649999997,1764328.25,1.5497051923302805,615451.24,13441.16,1509966.5899999992,595329.6599999999,FALSE,FALSE,FALSE,FALSE,TRUE,0.2250946510219771,0.004915959255408369,0.2177354002255845
1435580,0,1435580,resolved,36782,25000,1.47128,0,200,16582,20000,FALSE,FALSE,FALSE,FALSE,TRUE,0,0.0054374422271763366,0.5437442227176337
1299419,0,1299419,unresolved,NA,10000,NA,NA,NA,NA,NA,FALSE,FALSE,FALSE,TRUE,FALSE,NA,NA,NA
1034124,0,1034124,resolved,370686.92,170554.88,2.173417260180418,361220.18,0,0,9466.74,FALSE,FALSE,FALSE,FALSE,TRUE,0.9744616292368773,0,0.02553837076312269
1413981,0,1413981,unresolved,NA,22900,NA,NA,NA,NA,NA,FALSE,FALSE,FALSE,TRUE,FALSE,NA,NA,NA
1478172,0,1478172,resolved,744815.37,97650,7.627397542242703,1537,100,188767.15,554411.22,FALSE,FALSE,FALSE,FALSE,TRUE,0.0020635986606989593,1.3426146133369937e-4,0.744360605769991
1019977,0,1019977,unresolved,NA,154500,NA,NA,NA,NA,NA,FALSE,FALSE,FALSE,TRUE,FALSE,NA,NA,NA
1071932,0,1071932,resolved,1338859.3499999999,1074000,1.246610195530726,1317656.13,0,0,21203.22,FALSE,FALSE,FALSE,FALSE,TRUE,0.9841632207296458,0,0.01583677927035428
1456932,0,1456932,unresolved,NA,125315,NA,NA,NA,NA,NA,FALSE,FALSE,FALSE,TRUE,FALSE,NA,NA,NA
1277874,0,1277874,resolved,120203.08,217606.32,0.5523878166773832,0,0,100000,20203.08,FALSE,FALSE,TRUE,FALSE,FALSE,0,0,0.16807456181655248
1045460,0,1045460,resolved,21830.15,10500,2.0790619047619048,21830.15,0,0,0,FALSE,FALSE,FALSE,FALSE,TRUE,1,0,0
1477142,0,1477142,resolved,733700.44,87750,8.361258575498574,668.52,2100,268205.28,462726.64,FALSE,FALSE,FALSE,FALSE,TRUE,9.111620540939025e-4,0.002862203544541966,0.6306751567438068
1076050,0,1076050,resolved,231331.59,144100,1.6053545454545455,0.11,0,12033.9,219297.58,FALSE,FALSE,FALSE,FALSE,TRUE,4.755079062051145e-7,0,0.9479793918331689
1226530,0,1226530,resolved,693059.4,340850,2.0333266832917705,0,0,0,693059.4,FALSE,FALSE,FALSE,FALSE,TRUE,0,0,1
1042187,0,1042187,resolved,146058.5,52800,2.7662594696969696,146058.5,0,0,0,FALSE,FALSE,FALSE,FALSE,TRUE,1,0,0
1073761,0,1073761,resolved,1663353.3400000003,659260,2.523061220155933,1663353.3400000003,0,0,0,FALSE,FALSE,FALSE,FALSE,TRUE,1,0,0
1490064,0,1490064,resolved,403021,74200,5.43154986522911,1449,3700,18272,379600,FALSE,FALSE,FALSE,FALSE,TRUE,0.003595346148215602,0.009180663042372483,0.9418864029417822
1221924,0,1221924,unresolved,NA,5000,NA,NA,NA,NA,NA,FALSE,FALSE,FALSE,TRUE,FALSE,NA,NA,NA
1489012,0,1489012,resolved,25000,5900,4.237288135593221,0,0,0,25000,FALSE,FALSE,FALSE,FALSE,TRUE,0,0,1
1469747,0,1469747,resolved,5983286.88,640332,9.344038530012556,5969337,0,0,13949.88,FALSE,FALSE,FALSE,FALSE,TRUE,0.9976685256315171,0,0.0023314743684828966
1475124,0,1475124,resolved,459782.12,20000,22.989106,0,0,0,459782.12,TRUE,FALSE,FALSE,FALSE,FALSE,0,0,1
1223277,0,1223277,resolved,84135,50450,1.6676907829534193,0,0,0,84135,FALSE,FALSE,FALSE,FALSE,TRUE,0,0,1
1477312,0,1477312,resolved,1252352.41,152040,8.236992962378322,745,900,461581.9,789125.51,FALSE,FALSE,FALSE,FALSE,TRUE,5.948804777722272e-4,7.186475570402744e-4,0.6301145777329562
1034589,0,1034589,resolved,1940620,1244975,1.558762224141047,0,0,0,1940620,FALSE,FALSE,FALSE,FALSE,TRUE,0,0,1
1021744,0,1021744,resolved,235424.93,227852.57,1.0332335948635558,0,0,6898,228526.93,FALSE,FALSE,FALSE,FALSE,TRUE,0,0,0.9706997895252639
1021273,0,1021273,resolved,2305264.38,1058017.72,2.1788523352898097,22375.02,1230,270095.12,2011564.24,FALSE,FALSE,FALSE,FALSE,TRUE,0.009706053758571502,5.335613609750045e-4,0.8725958972219924
1021706,0,1021706,resolved,494386.87,130300,3.7942200306983884,70254.82,46575,346577.31,30979.739999999998,FALSE,FALSE,FALSE,FALSE,TRUE,0.14210494708324273,0.0942075990003537,0.06266295057552802
1030692,0,1030692,resolved,46960,55250,0.8499547511312218,0,0,46960,0,FALSE,FALSE,FALSE,FALSE,TRUE,0,0,0
1266480,0,1266480,resolved,273900,85100,3.218566392479436,0,0,97900,176000,FALSE,FALSE,FALSE,FALSE,TRUE,0,0,0.642570281124498
1019780,0,1019780,resolved,304935.8200000027,192900,1.580797407983425,126286.45000000001,13701.68999999998,154267.67999999927,10680,FALSE,FALSE,FALSE,FALSE,TRUE,0.4141410805722952,0.04493302885833439,0.03502376336108991
1054067,0,1054067,resolved,34177.97,55100,0.6202898366606171,0,3110,22767.97,8300,FALSE,FALSE,TRUE,FALSE,FALSE,0,0.09099428667062438,0.24284648854218083
1048794,0,1048794,resolved,180120.51,128400,1.402807710280374,0,0,3879.4,176241.11000000002,FALSE,FALSE,FALSE,FALSE,TRUE,0,0,0.978462197336661
1237671,0,1237671,resolved,332156.73,330800,1.0041013603385731,0,0,0,332156.73,FALSE,FALSE,FALSE,FALSE,TRUE,0,0,1
1483803,0,1483803,resolved,11004728.68,2789200,3.94547851713753,11004728.68,0,0,0,FALSE,FALSE,FALSE,FALSE,TRUE,1,0,0
1281772,0,1281772,resolved,121770.61,39500,3.082800253164557,0,0,0,121770.61,FALSE,FALSE,FALSE,FALSE,TRUE,0,0,1
1064902,0,1064902,resolved,88522.59999999993,48700,1.8177125256673499,73960.18,1145.97,2777.4500000000003,10639,FALSE,FALSE,FALSE,FALSE,TRUE,0.8354948905703182,0.012945507700858321,0.12018399821062653
1022953,0,1022953,resolved,53559.2,76000,0.7047263157894736,85,285,53189.2,0,FALSE,FALSE,TRUE,FALSE,FALSE,0.0015870289324709855,0.0053212146559321275,0
1400117,0,1400117,unresolved,NA,93495.5,NA,NA,NA,NA,NA,TRUE,FALSE,FALSE,TRUE,FALSE,NA,NA,NA
1070701,0,1070701,resolved,176235,117100,1.504995730145175,0,0,72235,104000,FALSE,FALSE,FALSE,FALSE,TRUE,0,0,0.5901211450619911
1467150,0,1467150,resolved,1248,9800,0.1273469387755102,0,0,1248,0,FALSE,FALSE,TRUE,FALSE,FALSE,0,0,0
1343200,0,1343200,resolved,597103.11,427000,1.3983679391100703,0,0,485650,111453.11,FALSE,FALSE,FALSE,FALSE,TRUE,0,0,0.18665638837486545
1058417,0,1058417,resolved,489441.35000000003,312400,1.5667136683738798,263.56,0,136846.6,352331.19,FALSE,FALSE,FALSE,FALSE,TRUE,5.384914862628586e-4,0,0.7198639632715952
1255069,0,1255069,resolved,964852.87,15900,60.682570440251574,955202.87,0,3650,6000,TRUE,FALSE,FALSE,FALSE,FALSE,0.9899984751042923,0,0.006218564701994409
1406838,0,1406838,resolved,70323.05,38200,1.8409175392670158,0,0,3417.0499999999997,66906,FALSE,FALSE,FALSE,FALSE,TRUE,0,0,0.9514092463281953
1018748,0,1018748,resolved,166188.14000000004,78000,2.13061717948718,44004.35,1205,101378.79000000002,19600,FALSE,FALSE,FALSE,FALSE,TRUE,0.26478634395932216,0.007250818259353524,0.1179386206500656
1388166,0,1388166,resolved,217649.23,102511.64,2.1231660131473853,0,0,11500,206149.23,FALSE,FALSE,FALSE,FALSE,TRUE,0,0,0.9471626892500378
1021618,0,1021618,resolved,1138492.5,342481.26,3.3242475807289424,823.5,200,208965,928504,FALSE,FALSE,FALSE,FALSE,TRUE,7.233249230890849e-4,1.756708981394256e-4,0.8155556580302461
1398390,0,1398390,resolved,247764.40999999997,46500,5.328266881720429,239686.81999999998,0,0,8077.59,FALSE,FALSE,FALSE,FALSE,TRUE,0.9673981020922254,0,0.03260189790777457
1480805,0,1480805,resolved,272415.5,102400,2.6603076171875,0,200,19950,252265.5,FALSE,FALSE,FALSE,FALSE,TRUE,0,7.341726149943744e-4,0.9260321090393168
1018750,0,1018750,resolved,419100,163300,2.5664421310471526,419100,0,0,0,FALSE,FALSE,FALSE,FALSE,TRUE,1,0,0
1018640,0,1018640,resolved,530603,251290.85,2.11150943219779,0,0,3060,527543,FALSE,FALSE,FALSE,FALSE,TRUE,0,0,0.9942329764437818
1313474,0,1313474,resolved,248166,132700,1.8701281085154484,0,0,24649,223517,FALSE,FALSE,FALSE,FALSE,TRUE,0,0,0.9006753543998774
1490566,0,1490566,resolved,44200,10000,4.42,0,0,0,44200,FALSE,FALSE,FALSE,FALSE,TRUE,0,0,1
1477778,0,1477778,resolved,158725,203300,0.7807427447122479,25,0,67000,91700,FALSE,FALSE,FALSE,FALSE,TRUE,1.5750511891636477e-4,0,0.577728776185226
1492717,0,1492717,unresolved,NA,39200,NA,NA,NA,NA,NA,TRUE,FALSE,FALSE,TRUE,FALSE,NA,NA,NA
1036989,0,1036989,resolved,25550,25000,1.022,50,0,0,25500,FALSE,FALSE,FALSE,FALSE,TRUE,0.0019569471624266144,0,0.9980430528375733
1445004,0,1445004,unresolved,NA,20800,NA,NA,NA,NA,NA,FALSE,FALSE,FALSE,TRUE,FALSE,NA,NA,NA
1018754,0,1018754,resolved,886467.64,632817.24,1.4008272593837678,886467.64,0,0,0,FALSE,FALSE,FALSE,FALSE,TRUE,1,0,0
1365388,0,1365388,resolved,114270.5,135350,0.8442593276690062,650,2820.5,73700,37100,FALSE,FALSE,FALSE,FALSE,TRUE,0.005688257249246306,0.02468266087922955,0.3246682214569815
1067533,0,1067533,resolved,863725.7600000001,608700,1.418967898800723,0,0,0,863725.7600000001,FALSE,FALSE,FALSE,FALSE,TRUE,0,0,1
1408693,0,1408693,resolved,66799,20000,3.33995,0,0,0,66799,TRUE,FALSE,FALSE,FALSE,FALSE,0,0,1
1042048,0,1042048,resolved,79125,40400,1.958539603960396,375,0,0,78750,FALSE,FALSE,FALSE,FALSE,TRUE,0.004739336492890996,0,0.995260663507109
1342714,0,1342714,resolved,347793.9799999995,183550,1.8948187414873305,207824.5,26483.969999999998,113485.51000000005,0,FALSE,FALSE,FALSE,FALSE,TRUE,0.5975505959016321,0.07614844282238592,0
1435087,0,1435087,unresolved,NA,22800,NA,NA,NA,NA,NA,FALSE,FALSE,FALSE,TRUE,FALSE,NA,NA,NA
1029026,0,1029026,resolved,76535.37000000001,49600,1.5430518145161292,54778.87000000001,1465,2704,17587.5,FALSE,FALSE,FALSE,FALSE,TRUE,0.7157327389937489,0.019141476679344464,0.22979571406004828
1302173,0,1302173,resolved,280164.75,221531,1.2646751470448832,276016.25,4044,104.5,0,FALSE,FALSE,FALSE,FALSE,TRUE,0.9851926411156293,0.014434364066143224,0
1268631,0,1268631,resolved,15434,27900,0.553189964157706,50,0,10384,5000,FALSE,FALSE,TRUE,FALSE,FALSE,0.0032396008811714397,0,0.32396008811714394
1025607,0,1025607,resolved,195819.03,43800,4.470754109589041,57915.23,5089.249999999999,110365.72000000004,22448.83,FALSE,FALSE,FALSE,FALSE,TRUE,0.29575894641087747,0.025989557807532798,0.11464069656559937
1039258,0,1039258,resolved,54305,47500,1.1432631578947368,142,0,45451,8712,FALSE,FALSE,FALSE,FALSE,TRUE,0.0026148605100819447,0,0.1604272166467176
1035426,0,1035426,resolved,166595,98450,1.6921787709497207,38002,3565,94983,30045,FALSE,FALSE,FALSE,FALSE,TRUE,0.22811008733755514,0.021399201656712385,0.18034754944626188
1444108,0,1444108,unresolved,NA,49700,NA,NA,NA,NA,NA,FALSE,FALSE,FALSE,TRUE,FALSE,NA,NA,NA
1327739,0,1327739,resolved,27939.5,39000,0.7163974358974359,0,0,0,27939.5,FALSE,FALSE,TRUE,FALSE,FALSE,0,0,1
1409634,0,1409634,resolved,3375677.8099999996,126400,26.70631178797468,0,0,0,3375677.8099999996,TRUE,FALSE,FALSE,FALSE,FALSE,0,0,1
1240437,1,1021268 -> 1240437,unresolved,NA,20200,NA,NA,NA,NA,NA,FALSE,TRUE,FALSE,TRUE,FALSE,NA,NA,NA
1286035,1,1377585 -> 1286035,resolved,1891660.7,817000,2.3153741738066094,0,100,1200,1890360.7,FALSE,FALSE,FALSE,FALSE,TRUE,0,5.2863602864932385e-5,0.9993127731627559
1401346,1,1377585 -> 1401346,resolved,169150.76,181300,0.9329881963596249,6670.860000000001,1720,30974,129785.9,FALSE,FALSE,FALSE,FALSE,TRUE,0.03943736345021447,0.010168443818993187,0.767279437585737
1408990,1,1377585 -> 1408990,resolved,311500,99100,3.143289606458123,0,0,1500,310000,FALSE,FALSE,FALSE,FALSE,TRUE,0,0,0.9951845906902087
1463224,1,1377585 -> 1463224,resolved,2847824.7500000005,544896.13,5.226362591343786,2804300.4800000004,0,0,43524.270000000004,FALSE,FALSE,FALSE,FALSE,TRUE,0.9847166613746159,0,0.015283338625384163
1272633,1,1377585 -> 1272633,resolved,252085,171400,1.4707409568261376,15670,1345,109470,125600,FALSE,FALSE,FALSE,FALSE,TRUE,0.06216157248547117,0.005335501914036932,0.49824463970486144
1357256,1,1377585 -> 1357256,resolved,8446000,5424471.71,1.5570179828627035,0,0,0,8446000,FALSE,FALSE,FALSE,FALSE,TRUE,0,0,1
1387772,1,1377585 -> 1387772,resolved,250871.91,231636.88,1.083039583334053,0,0,0,250871.91,FALSE,FALSE,FALSE,FALSE,TRUE,0,0,1
1423131,1,1377585 -> 1423131,resolved,2575969.86,869800,2.9615657162566107,0,0,0,2575969.86,FALSE,FALSE,FALSE,FALSE,TRUE,0,0,1
1471593,1,1377585 -> 1471593,resolved,15000,16000,0.9375,0,0,0,15000,FALSE,FALSE,FALSE,FALSE,TRUE,0,0,1
1075652,1,1377585 -> 1075652,resolved,223421.43,50500,4.424186732673268,223421.43,0,0,0,FALSE,FALSE,FALSE,FALSE,TRUE,1,0,0
1298012,1,1377585 -> 1298012,resolved,125709.71,28250,4.449901238938053,23224.710000000003,0,483,102002,FALSE,FALSE,FALSE,FALSE,TRUE,0.18474873579773593,0,0.8114090789009059
1488590,1,1377585 -> 1488590,resolved,500000,405000,1.2345679012345678,0,0,0,500000,FALSE,FALSE,FALSE,FALSE,TRUE,0,0,1
1437529,1,1377585 -> 1437529,resolved,15021309.22,3228388,4.652882249593295,0,0,0,15021309.22,FALSE,FALSE,FALSE,FALSE,TRUE,0,0,1
1439102,1,1377585 -> 1439102,resolved,2000000,5321500,0.37583388142441043,0,0,0,2000000,FALSE,FALSE,TRUE,FALSE,FALSE,0,0,1
1012312,1,1064861 -> 1012312,unresolved,NA,34700,NA,NA,NA,NA,NA,FALSE,TRUE,FALSE,TRUE,FALSE,NA,NA,NA
1011327,1,1064861 -> 1011327,unresolved,NA,35300,NA,NA,NA,NA,NA,FALSE,TRUE,FALSE,TRUE,FALSE,NA,NA,NA
1007720,1,1064861 -> 1007720,unresolved,NA,104200,NA,NA,NA,NA,NA,FALSE,TRUE,FALSE,TRUE,FALSE,NA,NA,NA
1011621,1,1064861 -> 1011621,unresolved,NA,5000,NA,NA,NA,NA,NA,FALSE,TRUE,FALSE,TRUE,FALSE,NA,NA,NA
1446977,1,1432932 -> 1446977,resolved,2390005,173608.35,13.766647744765732,0,0,0,2390005,FALSE,FALSE,FALSE,FALSE,TRUE,0,0,1
1477268,1,1432932 -> 1477268,resolved,899205.7100000001,148171.49,6.0686823760765325,99,100,369462.4,529544.31,FALSE,FALSE,FALSE,FALSE,TRUE,1.1009716564188632e-4,1.112092582241276e-4,0.5889022991190748
1335312,1,1432932 -> 1335312,resolved,83963.51,45500,1.845351868131868,9663.51,0,0,74300,FALSE,FALSE,FALSE,FALSE,TRUE,0.11509178213250018,0,0.8849082178674998
1067293,1,1432932 -> 1067293,resolved,500000,369900,1.3517166801838334,0,0,0,500000,FALSE,FALSE,FALSE,FALSE,TRUE,0,0,1
1034330,1,1432932 -> 1034330,resolved,163087,99700,1.635777331995988,0,0,48345,114742,FALSE,FALSE,FALSE,FALSE,TRUE,0,0,0.7035631288821304
1475739,1,1432932 -> 1475739,resolved,303657.86,25000,12.1463144,0,0,0,303657.86,FALSE,FALSE,FALSE,FALSE,TRUE,0,0,1
1479794,1,1442900 -> 1479794,unresolved,NA,6713.37,NA,NA,NA,NA,NA,FALSE,FALSE,FALSE,TRUE,FALSE,NA,NA,NA
1329702,1,1442900 -> 1329702,unresolved,NA,5000,NA,NA,NA,NA,NA,FALSE,FALSE,FALSE,TRUE,FALSE,NA,NA,NA
1302433,1,1422595 -> 1302433,resolved,3656243.340000001,1011550,3.61449591221393,4620.74,1243.4,15456.24,3634922.96,FALSE,FALSE,FALSE,FALSE,TRUE,0.001263794438802314,3.400758331364235e-4,0.9941687743354629
1465611,1,1422595 -> 1465611,resolved,7242932.159999996,2774769.98,2.610282009754191,0,0,8934.17,7233997.9899999965,FALSE,FALSE,FALSE,FALSE,TRUE,0,0,0.9987664981802066
1266887,1,1422595 -> 1266887,resolved,1867391,1402680.79,1.331301471662701,0,0,1791,1865600,FALSE,FALSE,FALSE,FALSE,TRUE,0,0,0.999040907876283
1067655,1,1422595 -> 1067655,resolved,8793053.16,5359300,1.6407092642695875,8706803.24,0,0,86249.92,FALSE,FALSE,FALSE,FALSE,TRUE,0.9901911294711199,0,0.009808870528880095
1030699,1,1438874 -> 1030699,resolved,3986896.24,73600,54.16978586956522,3986896.24,0,0,0,FALSE,FALSE,FALSE,FALSE,TRUE,1,0,0
1405807,1,1438874 -> 1405807,resolved,50345.97,9660.48,5.211539178177482,0,0,4564.15,45781.82,FALSE,FALSE,FALSE,FALSE,TRUE,0,0,0.9093442831670538
1401119,1,1438874 -> 1401119,resolved,2066920.0499999998,586500,3.5241603580562657,0,0,0,2066920.0499999998,FALSE,FALSE,FALSE,FALSE,TRUE,0,0,1
1076803,1,1476859 -> 1076803,resolved,120936.75,51750,2.3369420289855074,20364.75,3831,91341,5400,FALSE,FALSE,FALSE,FALSE,TRUE,0.16839174196429124,0.03167771583079585,0.044651439698850846
1018624,1,1476859 -> 1018624,resolved,895807.84,829000,1.0805884680337756,1054.04,200,831544.7999999999,63009,FALSE,FALSE,FALSE,FALSE,TRUE,0.0011766362750296982,2.232621674755604e-4,0.07033762955233792
1239870,1,1476859 -> 1239870,resolved,45355.79,30713.66,1.4767302236203697,5.79,0,25350,20000,FALSE,FALSE,FALSE,FALSE,TRUE,1.2765735091374222e-4,0,0.44095803424436
1022620,1,1476845 -> 1022620,resolved,56150.76,295000,0.1903415593220339,31659,1000,23491.760000000002,0,FALSE,FALSE,TRUE,FALSE,FALSE,0.5638213979650498,0.01780919795208471,0
1047894,1,1476845 -> 1047894,resolved,670560.0700000001,1573400,0.4261853756196772,194999.26,8100,68600.81,398860,FALSE,FALSE,TRUE,FALSE,FALSE,0.2908005840550571,0.012079454716115141,0.5948162108728007
1349036,1,1476845 -> 1349036,resolved,68600,58597.67,1.1706950122760855,0,0,0,68600,FALSE,FALSE,FALSE,FALSE,TRUE,0,0,1
1439959,1,1476845 -> 1439959,resolved,116952.3,118000,0.991121186440678,205,500,25675,90572.3,FALSE,FALSE,FALSE,FALSE,TRUE,0.0017528513761593402,0.00427524725892522,0.7744379546191054
1019127,1,1476845 -> 1019127,resolved,279864.89,100900,2.773685728444004,0,0,0,279864.89,FALSE,FALSE,FALSE,FALSE,TRUE,0,0,1
1275328,1,1476845 -> 1275328,resolved,87817,99082.7,0.8863000301768119,68292,5875,13650,0,FALSE,FALSE,FALSE,FALSE,TRUE,0.7776626393522894,0.06690048623842763,0
1275549,1,1478170 -> 1275549,resolved,5490114,941100,5.833720114759324,0,0,17500,5472614,FALSE,FALSE,FALSE,FALSE,TRUE,0,0,0.9968124523461626
1405082,1,1478170 -> 1405082,resolved,25084.7,23300,1.0765965665236052,0,0,2500,22584.7,FALSE,FALSE,FALSE,FALSE,TRUE,0,0,0.9003376560213995
1073535,1,1478170 -> 1073535,resolved,74062.76000000017,79010.59999999999,0.937377516434506,60553.270000000004,12767.699999999988,741.7900000000001,0,FALSE,FALSE,FALSE,FALSE,TRUE,0.8175940243112715,0.17239028089150282,0
1070689,1,1478170 -> 1070689,resolved,339723.08,141175,2.406396883300868,0,0,3000,336723.08,FALSE,FALSE,FALSE,FALSE,TRUE,0,0,0.9911692782250767
1035164,1,1478170 -> 1035164,resolved,531938,339100,1.5686759068121499,9145,1888,261473,259432,FALSE,FALSE,FALSE,FALSE,TRUE,0.017191853185897606,0.0035492858190240215,0.4877109738352966
1018843,1,1478170 -> 1018843,resolved,140813.89,93000,1.5141278494623658,0,0,135200,5613.89,FALSE,FALSE,FALSE,FALSE,TRUE,0,0,0.039867444894818256
1021823,1,1478170 -> 1021823,resolved,1055526.5499999998,1019400,1.035439032764371,1053433.25,755.2000000000004,1338.1000000000001,0,FALSE,FALSE,FALSE,FALSE,TRUE,0.9980168191884896,7.154722920044034e-4,0
1019100,1,1478170 -> 1019100,resolved,93819.6,12000,7.818300000000001,93819.6,0,0,0,FALSE,FALSE,FALSE,FALSE,TRUE,1,0,0
1452149,1,1268914 -> 1452149,resolved,1086357.0899999999,38915,27.916152897340353,6810.7,1200,568394.1900000002,509952.2,FALSE,FALSE,FALSE,FALSE,TRUE,0.006269301376769218,0.001104609166770385,0.4694148956122706
1488423,1,1268914 -> 1488423,resolved,58276335.92,40000,1456.908398,28,0,4500,58271807.92,FALSE,FALSE,FALSE,FALSE,TRUE,4.804694660013896e-7,0,0.999922301223498
1460720,1,1331005 -> 1460720,resolved,3000,50000,0.06,0,0,3000,0,FALSE,FALSE,TRUE,FALSE,FALSE,0,0,0
1021408,1,1477317 -> 1021408,resolved,163228.34999999998,111100,1.4692020702070205,1323.3400000000001,260,64105.009999999995,97540,FALSE,FALSE,FALSE,FALSE,TRUE,0.00810729263635882,0.0015928605539417633,0.5975677631979984
1025266,1,1477317 -> 1025266,resolved,314107.72,283300,1.1087459230497705,3169.8399999999997,170.59,270331.79,40435.5,FALSE,FALSE,FALSE,FALSE,TRUE,0.010091569860174083,5.430939424220456e-4,0.1287313154862924
1048529,1,1477317 -> 1048529,resolved,951412.09,249700,3.8102206247496997,3723.11,3050,490443.49000000005,454195.49,FALSE,FALSE,FALSE,FALSE,TRUE,0.0039132464671538915,0.0032057612385396534,0.4773909169054179
1034859,1,1477317 -> 1034859,resolved,112901.05,45100,2.503349223946785,1.05,60200,52700,0,FALSE,FALSE,FALSE,FALSE,TRUE,9.300179227739689e-6,0.5332102757237421,0
1299236,1,1477317 -> 1299236,resolved,77696.3,93455.62,0.8313710828733468,0,0,9000,68696.3,FALSE,FALSE,FALSE,FALSE,TRUE,0,0,0.884164368187417
1045880,1,1477317 -> 1045880,resolved,201996.88,57400,3.519109407665505,5718.91,0,162440.72,33837.25,FALSE,FALSE,FALSE,FALSE,TRUE,0.028311872935859204,0,0.16751372595457908
1238126,1,1477317 -> 1238126,resolved,109703.7600000002,49800,2.202886746987956,17357.88,2348.3099999999995,89997.57,0,FALSE,FALSE,FALSE,FALSE,TRUE,0.15822502346318823,0.021405920818028435,0
1021721,1,1476870 -> 1021721,resolved,200518.9,84900,2.361824499411072,4075,2000,67618.9,126825,FALSE,FALSE,FALSE,FALSE,TRUE,0.020322273860469014,0.009974122140107492,0.6324840202095663
1410185,1,1476870 -> 1410185,resolved,1282000,64600,19.845201238390093,0,0,0,1282000,FALSE,FALSE,FALSE,FALSE,TRUE,0,0,1
1036915,1,1476870 -> 1036915,resolved,403495,169600,2.3790978773584905,403495,0,0,0,FALSE,FALSE,FALSE,FALSE,TRUE,1,0,0
1483175,1,1476870 -> 1483175,resolved,415000,25600,16.2109375,0,0,0,415000,FALSE,FALSE,FALSE,FALSE,TRUE,0,0,1
1039225,1,1476870 -> 1039225,resolved,397830.1,105342.52,3.7765386664378253,1000,400,20850,375580.1,FALSE,FALSE,FALSE,FALSE,TRUE,0.0025136358460558918,0.0010054543384223568,0.9440716024252565
1303937,1,1477447 -> 1303937,resolved,181243.97999999995,133100,1.361712847483095,179885.59999999998,538.38,820,0,FALSE,FALSE,FALSE,FALSE,TRUE,0.9925052407257886,0.0029704710744047893,0
1303833,1,1477447 -> 1303833,resolved,226140.7,127243.20000000004,1.7772321035623118,207053.45,0,0,19087.25,FALSE,FALSE,FALSE,FALSE,TRUE,0.9155956888786494,0,0.08440431112135055
1029806,1,1476547 -> 1029806,resolved,1009402.32,1115000,0.9052935605381165,0,0,0,1009402.32,FALSE,FALSE,FALSE,FALSE,TRUE,0,0,1
1045835,1,1476547 -> 1045835,resolved,12570892.05,522001.70999999996,24.08208978855644,0,0,0,12570892.05,FALSE,FALSE,FALSE,FALSE,TRUE,0,0,1
1467230,1,1476547 -> 1467230,resolved,425000,30700,13.843648208469055,0,0,0,425000,FALSE,FALSE,FALSE,FALSE,TRUE,0,0,1
1443600,1,1453853 -> 1443600,unresolved,NA,15000,NA,NA,NA,NA,NA,FALSE,FALSE,FALSE,TRUE,FALSE,NA,NA,NA
1447361,1,1477034 -> 1447361,unresolved,NA,72700,NA,NA,NA,NA,NA,FALSE,FALSE,FALSE,TRUE,FALSE,NA,NA,NA
1022037,1,1477034 -> 1022037,resolved,74777.47,86200,0.8674880510440836,76.1,0,16644.37,58057,FALSE,FALSE,FALSE,FALSE,TRUE,0.0010176862094959886,0,0.7763969548581946
1263100,1,1477034 -> 1263100,resolved,9100,5900,1.5423728813559323,0,0,0,9100,FALSE,FALSE,FALSE,FALSE,TRUE,0,0,1
1034642,1,1477034 -> 1034642,resolved,443550.89,132800,3.3399916415662654,311003.76,128937.13,3610,0,FALSE,FALSE,FALSE,FALSE,TRUE,0.701168156826379,0.29069298000957683,0
1414539,1,1477034 -> 1414539,resolved,117925.41999999998,57100,2.0652437828371277,0,0,47128.8,70796.62,FALSE,FALSE,FALSE,FALSE,TRUE,0,0,0.600350797987406
1018785,1,1477034 -> 1018785,resolved,57664.82000000001,79300,0.7271730138713746,814.47,100,34765.35,21985,FALSE,FALSE,TRUE,FALSE,FALSE,0.014124209526709699,0.001734159579445492,0.3812549835410914
1052012,1,1477034 -> 1052012,unresolved,NA,16800,NA,NA,NA,NA,NA,FALSE,FALSE,FALSE,TRUE,FALSE,NA,NA,NA
1269303,1,1477034 -> 1269303,resolved,10029.5,11900,0.8428151260504202,10029.5,0,0,0,FALSE,FALSE,FALSE,FALSE,TRUE,1,0,0
1476866,1,1477034 -> 1476866,resolved,1225510.9100000001,229196.49,5.346988123596484,1789.26,5100,453121.65,765500,FALSE,FALSE,FALSE,FALSE,TRUE,0.0014600114820683234,0.004161529659495238,0.6246374420281577
1286381,1,1477034 -> 1286381,resolved,1061160.0499999998,127622.76000000001,8.314818218944644,388967.25,57469.829999999994,614722.9700000001,0,FALSE,FALSE,FALSE,FALSE,TRUE,0.366549089366868,0.05415755144570322,0
1010229,1,1026634 -> 1010229,unresolved,NA,642570,NA,NA,NA,NA,NA,FALSE,TRUE,FALSE,TRUE,FALSE,NA,NA,NA
1473273,1,1435580 -> 1473273,unresolved,NA,5000,NA,NA,NA,NA,NA,FALSE,FALSE,FALSE,TRUE,FALSE,NA,NA,NA
1416673,1,1478172 -> 1416673,resolved,136755.18,87700,1.559352109464082,5972.85,1006.3299999999999,94776,35000,FALSE,FALSE,FALSE,FALSE,TRUE,0.04367549368148249,0.00735862436801297,0.25593180455760434
1334557,1,1478172 -> 1334557,resolved,123299,74000,1.6662027027027027,0,0,0,123299,FALSE,FALSE,FALSE,FALSE,TRUE,0,0,1
1036761,1,1478172 -> 1036761,resolved,398973.25,749150,0.5325679102983382,398973.25,0,0,0,FALSE,FALSE,TRUE,FALSE,FALSE,1,0,0
1045888,1,1478172 -> 1045888,resolved,74200,101900,0.7281648675171737,0,0,12100,62100,FALSE,FALSE,TRUE,FALSE,FALSE,0,0,0.8369272237196765
1427579,1,1478172 -> 1427579,resolved,127076,24400,5.208032786885246,2178,800,59598,64500,FALSE,FALSE,FALSE,FALSE,TRUE,0.017139349680506153,0.0062954452453649785,0.5075702729075514
1052206,1,1477142 -> 1052206,resolved,161411.53,60830,2.6534856156501725,136280,0,0,25131.53,FALSE,FALSE,FALSE,FALSE,TRUE,0.844301519228521,0,0.15569848077147896
1338487,1,1477142 -> 1338487,resolved,1224423.55,1061017.8599999999,1.154008425456665,39465,19325,878075,287558.55,FALSE,FALSE,FALSE,FALSE,TRUE,0.03223149375067149,0.015782937203388483,0.2348521881990917
1245177,1,1477142 -> 1245177,resolved,127400,53178.47,2.3957063826770497,0,0,0,127400,FALSE,FALSE,FALSE,FALSE,TRUE,0,0,1
1328933,1,1477142 -> 1328933,resolved,147300,94140.09,1.5646893900356373,0,0,12800,134500,FALSE,FALSE,FALSE,FALSE,TRUE,0,0,0.9131025118805159
1488101,1,1490064 -> 1488101,resolved,50000,50000,1,0,0,0,50000,FALSE,FALSE,FALSE,FALSE,TRUE,0,0,1
1477297,1,1489012 -> 1477297,resolved,736618.23,101800,7.2359354616895875,910,1200,324808.23,409700,FALSE,FALSE,FALSE,FALSE,TRUE,0.0012353753449734742,0.00162906638897601,0.5561904163028928
1386983,1,1477312 -> 1386983,unresolved,NA,27900,NA,NA,NA,NA,NA,FALSE,FALSE,FALSE,TRUE,FALSE,NA,NA,NA
1070781,1,1477312 -> 1070781,resolved,147841.1,85300,1.733189917936694,142888,0,4953.1,0,FALSE,FALSE,FALSE,FALSE,TRUE,0.9664971378053869,0,0
1047613,1,1477312 -> 1047613,unresolved,NA,13800,NA,NA,NA,NA,NA,FALSE,FALSE,FALSE,TRUE,FALSE,NA,NA,NA
1065050,1,1477312 -> 1065050,resolved,418440.02,222277.47,1.8825120692619006,0,0,15340.02,403100,FALSE,FALSE,FALSE,FALSE,TRUE,0,0,0.9633399788098662
1065029,1,1477312 -> 1065029,resolved,119137.5,51800,2.2999517374517375,4412.5,3300,39500,71925,FALSE,FALSE,FALSE,FALSE,TRUE,0.037037037037037035,0.027699087189172175,0.6037141957821844
1314816,1,1477312 -> 1314816,resolved,43259.75,11800,3.6660805084745762,10334.77,3574.98,29350,0,FALSE,FALSE,FALSE,FALSE,TRUE,0.23890036350186952,0.08263986731314905,0
1058621,1,1021744 -> 1058621,resolved,216524.27000000002,124300,1.7419490748189865,0,0,0,216524.27000000002,FALSE,FALSE,FALSE,FALSE,TRUE,0,0,1
1488229,1,1021744 -> 1488229,unresolved,NA,5000,NA,NA,NA,NA,NA,FALSE,FALSE,FALSE,TRUE,FALSE,NA,NA,NA
1447800,1,1281772 -> 1447800,unresolved,NA,12170.61,NA,NA,NA,NA,NA,FALSE,FALSE,FALSE,TRUE,FALSE,NA,NA,NA
1478537,1,1281772 -> 1478537,resolved,340,96800,0.0035123966942148762,340,0,0,0,FALSE,FALSE,TRUE,FALSE,FALSE,1,0,0
1072551,1,1070701 -> 1072551,resolved,311907.00000000006,184100,1.6942259641499189,47885.490000000005,1158.5,112653.26,150209.75,FALSE,FALSE,FALSE,FALSE,TRUE,0.15352489684425163,0.003714248157303298,0.4815850558018896
1332968,2,1377585 -> 1272633 -> 1332968,resolved,1470836.49,239000,6.154127573221757,0,0,0,1470836.49,TRUE,FALSE,FALSE,FALSE,FALSE,0,0,1
1357479,2,1377585 -> 1272633 -> 1357479,resolved,1173253.29,71200,16.47827654494382,0,0,0,1173253.29,TRUE,FALSE,FALSE,FALSE,FALSE,0,0,1
1464406,2,1377585 -> 1387772 -> 1464406,unresolved,NA,238282.59,NA,NA,NA,NA,NA,FALSE,FALSE,FALSE,TRUE,FALSE,NA,NA,NA
1436831,2,1377585 -> 1423131 -> 1436831,resolved,130,25619.86,0.005074188539671958,5,0,125,0,FALSE,FALSE,TRUE,FALSE,FALSE,0.038461538461538464,0,0
1069777,2,1432932 -> 1446977 -> 1069777,resolved,15664930.060000127,13110288.02,1.194857812132195,10535133.88,3452.9,230112.5200000004,4896230.76,FALSE,FALSE,FALSE,FALSE,TRUE,0.6725299021220089,2.204223055433145e-4,0.31256001407260414
1294628,2,1432932 -> 1446977 -> 1294628,resolved,11825320,8465930.6,1.3968127733057487,334,0,45026,11779960,FALSE,FALSE,FALSE,FALSE,TRUE,2.824447879634547e-5,0,0.9961641629993945
1365806,2,1432932 -> 1446977 -> 1365806,resolved,2800000,479050.05000000005,5.844900757238205,0,0,0,2800000,FALSE,FALSE,FALSE,FALSE,TRUE,0,0,1
1067651,2,1432932 -> 1477268 -> 1067651,resolved,152314.8,93000,1.6377935483870967,8420,75,25674.97,118144.83,FALSE,FALSE,FALSE,FALSE,TRUE,0.055280248537896516,4.924012636986032e-4,0.775662181219422
1038764,2,1432932 -> 1477268 -> 1038764,resolved,4709.429999999999,55700,0.08454991023339317,1020.71,160.45999999999998,3528.2599999999998,0,FALSE,FALSE,TRUE,FALSE,FALSE,0.21673748203073412,0.03407206392281019,0
1431455,2,1432932 -> 1477268 -> 1431455,unresolved,NA,11500,NA,NA,NA,NA,NA,FALSE,FALSE,FALSE,TRUE,FALSE,NA,NA,NA
1025467,2,1432932 -> 1477268 -> 1025467,resolved,29133.75,75000,0.38845,29133.75,0,0,0,FALSE,FALSE,TRUE,FALSE,FALSE,1,0,0
1219570,2,1432932 -> 1477268 -> 1219570,resolved,114757.4,89500,1.2822055865921786,0,300,16457.4,98000,FALSE,FALSE,FALSE,FALSE,TRUE,0,0.002614210499715051,0.8539754299069168
1008988,2,1476845 -> 1047894 -> 1008988,unresolved,NA,110150,NA,NA,NA,NA,NA,FALSE,TRUE,FALSE,TRUE,FALSE,NA,NA,NA
1305436,2,1478170 -> 1275549 -> 1305436,resolved,59700,71500,0.8349650349650349,0,0,11500,48200,FALSE,FALSE,FALSE,FALSE,TRUE,0,0,0.8073701842546064
1041364,2,1478170 -> 1275549 -> 1041364,resolved,80132.95,80600,0.994205334987593,6383,14900,42849.95,16000,FALSE,FALSE,FALSE,FALSE,TRUE,0.07965512314222802,0.18594098931837652,0.19966817644926338
1049575,2,1478170 -> 1275549 -> 1049575,resolved,128033,17000,7.531352941176471,3924.94,2119.9,91962.16,30026,FALSE,FALSE,FALSE,FALSE,TRUE,0.030655690329836838,0.016557450032413518,0.23451766341490085
1249402,2,1478170 -> 1275549 -> 1249402,resolved,67500,23300,2.8969957081545066,67500,0,0,0,FALSE,FALSE,FALSE,FALSE,TRUE,1,0,0
1065909,2,1478170 -> 1275549 -> 1065909,resolved,3192.25,26900,0.11867100371747212,0,0,3192.25,0,FALSE,FALSE,TRUE,FALSE,FALSE,0,0,0
1021800,2,1478170 -> 1275549 -> 1021800,resolved,86338.46,34002.51,2.5391790194312125,6216,1100,16222.46,62800,FALSE,FALSE,FALSE,FALSE,TRUE,0.07199572473263942,0.012740556178555882,0.727369934557554
1406018,2,1478170 -> 1275549 -> 1406018,resolved,285729.97,20000,14.286498499999999,3355.72,2270,262852.39,17251.86,FALSE,FALSE,FALSE,FALSE,TRUE,0.011744375292518318,0.007944563883165634,0.060378195538955896
1035088,2,1478170 -> 1275549 -> 1035088,resolved,43149.43,32500,1.3276747692307693,4116.73,1300,24032.7,13700,FALSE,FALSE,FALSE,FALSE,TRUE,0.09540635878619948,0.030127860321677483,0.3175012972361396
1485004,2,1478170 -> 1275549 -> 1485004,resolved,43000,21162.61,2.0318854810441622,0,0,700,42300,FALSE,FALSE,FALSE,FALSE,TRUE,0,0,0.9837209302325581
1233935,2,1478170 -> 1275549 -> 1233935,resolved,2714.7999999999997,37500,0.07239466666666666,0,0,2714.7999999999997,0,FALSE,FALSE,TRUE,FALSE,FALSE,0,0,0
1434027,2,1478170 -> 1070689 -> 1434027,unresolved,NA,10000,NA,NA,NA,NA,NA,FALSE,TRUE,FALSE,TRUE,FALSE,NA,NA,NA
1384599,2,1478170 -> 1035164 -> 1384599,resolved,283584.42000000004,50800,5.582370472440946,0,0,0,283584.42000000004,FALSE,FALSE,FALSE,FALSE,TRUE,0,0,1
1476902,2,1268914 -> 1452149 -> 1476902,resolved,185250,85270.26,2.172504223629669,0,0,128850,56400,FALSE,FALSE,FALSE,FALSE,TRUE,0,0,0.3044534412955466
1434406,2,1268914 -> 1452149 -> 1434406,resolved,38635.29000000001,10000,3.8635290000000007,3052,262.89000000000004,29277.79000000003,6042.61,FALSE,FALSE,FALSE,FALSE,TRUE,0.0789951363119055,0.006804400846997654,0.15640131082230774
1446747,2,1268914 -> 1452149 -> 1446747,unresolved,NA,6800,NA,NA,NA,NA,NA,FALSE,FALSE,FALSE,TRUE,FALSE,NA,NA,NA
1477489,2,1268914 -> 1452149 -> 1477489,resolved,1166160.0500000003,305800,3.813473021582735,0,4450,530509.24,631200.81,FALSE,FALSE,FALSE,FALSE,TRUE,0,0.0038159427601725843,0.5412643058729374
1229652,2,1477317 -> 1021408 -> 1229652,resolved,1319790.75,10000,131.979075,140.75,0,0,1319650,FALSE,FALSE,FALSE,FALSE,TRUE,1.0664569364499637e-4,0,0.999893354306355
1045895,2,1476870 -> 1410185 -> 1045895,resolved,292092.54000000004,722400,0.40433629568106316,274615.34,0,0,17477.2,FALSE,FALSE,TRUE,FALSE,FALSE,0.9401655379490349,0,0.05983446205096508
1274157,2,1476870 -> 1410185 -> 1274157,resolved,106000,45000,2.3555555555555556,0,0,0,106000,FALSE,FALSE,FALSE,FALSE,TRUE,0,0,1
1071844,2,1476870 -> 1410185 -> 1071844,resolved,422178.49999999977,130000,3.2475269230769213,403631.51,3236.7399999999993,15310.250000000005,0,FALSE,FALSE,FALSE,FALSE,TRUE,0.9560683691850728,0.007666757070765094,0
1019646,2,1476870 -> 1410185 -> 1019646,resolved,1438207.5,1291400,1.1136808889577203,1431400,0,0,6807.5,FALSE,FALSE,FALSE,FALSE,TRUE,0.995266677443971,0,0.004733322556028946
1241835,2,1476547 -> 1467230 -> 1241835,resolved,586955.68,107433.15,5.463450340979485,0,0,2000,584955.68,FALSE,FALSE,FALSE,FALSE,TRUE,0,0,0.9965925877061109
1050995,2,1477034 -> 1476866 -> 1050995,resolved,119750,70100,1.7082738944365192,119750,0,0,0,FALSE,FALSE,FALSE,FALSE,TRUE,1,0,0
1298069,2,1477034 -> 1476866 -> 1298069,resolved,369287.9,81300,4.542286592865929,0,0,0,369287.9,FALSE,FALSE,FALSE,FALSE,TRUE,0,0,1
1070610,2,1477034 -> 1476866 -> 1070610,unresolved,NA,11800,NA,NA,NA,NA,NA,FALSE,FALSE,FALSE,TRUE,FALSE,NA,NA,NA
1391325,2,1478172 -> 1416673 -> 1391325,unresolved,NA,10000,NA,NA,NA,NA,NA,FALSE,FALSE,FALSE,TRUE,FALSE,NA,NA,NA
1466651,2,1478172 -> 1045888 -> 1466651,resolved,189570.57,28300,6.698606713780919,189570.57,0,0,0,FALSE,FALSE,FALSE,FALSE,TRUE,1,0,0
1048801,2,1477142 -> 1328933 -> 1048801,resolved,59239.24999999999,16000,3.7024531249999995,59239.24999999999,0,0,0,FALSE,FALSE,FALSE,FALSE,TRUE,1,0,0
1065171,2,1477142 -> 1328933 -> 1065171,resolved,158222.68000000002,52000,3.0427438461538467,146477.90000000002,0,0,11744.779999999999,FALSE,FALSE,FALSE,FALSE,TRUE,0.9257705658885313,0,0.0742294341114687
1018355,2,1477142 -> 1328933 -> 1018355,resolved,2187603.109999999,1904367.4399999997,1.148729527742818,56995.63,5973.740000000003,566071.5499999996,1558562.19,FALSE,FALSE,FALSE,FALSE,TRUE,0.026053917065422358,0.0027307238560288966,0.7124519904344078
1021723,2,1489012 -> 1477297 -> 1021723,resolved,290820.45999999996,140900,2.064020298083747,1850,260,92475,196235.46,FALSE,FALSE,FALSE,FALSE,TRUE,0.006361313093308498,8.940223806811943e-4,0.6747649735510356
1243091,2,1489012 -> 1477297 -> 1243091,resolved,430776.62,338300,1.273356843038723,0.95,100,5000,425675.67,FALSE,FALSE,FALSE,FALSE,TRUE,2.2053193137547715e-6,2.3213887513208123e-4,0.9881587120489501
1467372,3,1432932 -> 1446977 -> 1069777 -> 1467372,unresolved,NA,10000,NA,NA,NA,NA,NA,FALSE,FALSE,FALSE,TRUE,FALSE,NA,NA,NA
1344093,3,1432932 -> 1446977 -> 1069777 -> 1344093,resolved,2023878.85,841137,2.4061227243600034,1938494.9700000002,0,0,85383.88,FALSE,FALSE,FALSE,FALSE,TRUE,0.957811763288104,0,0.042188236711896074
1235352,3,1432932 -> 1446977 -> 1294628 -> 1235352,unresolved,NA,2093220,NA,NA,NA,NA,NA,FALSE,TRUE,FALSE,TRUE,FALSE,NA,NA,NA
1288733,3,1432932 -> 1446977 -> 1294628 -> 1288733,unresolved,NA,7500,NA,NA,NA,NA,NA,FALSE,FALSE,FALSE,TRUE,FALSE,NA,NA,NA
1036765,3,1432932 -> 1446977 -> 1294628 -> 1036765,unresolved,NA,30000,NA,NA,NA,NA,NA,FALSE,FALSE,FALSE,TRUE,FALSE,NA,NA,NA
1432306,3,1432932 -> 1446977 -> 1294628 -> 1432306,unresolved,NA,51400,NA,NA,NA,NA,NA,FALSE,TRUE,FALSE,TRUE,FALSE,NA,NA,NA
1474269,3,1432932 -> 1446977 -> 1365806 -> 1474269,resolved,500060.47,1900000,0.26318972105263155,60.47,0,0,500000,FALSE,FALSE,TRUE,FALSE,FALSE,1.2092537528511303e-4,0,0.9998790746247149
1413944,3,1432932 -> 1446977 -> 1365806 -> 1413944,resolved,0,525000,0,0,0,0,0,FALSE,FALSE,TRUE,FALSE,FALSE,NA,NA,NA
1053292,3,1432932 -> 1446977 -> 1365806 -> 1053292,resolved,276115,168377.46999999997,1.6398571614123911,8995,3455,263665,0,FALSE,FALSE,FALSE,FALSE,TRUE,0.032577005957662566,0.012512902232765334,0
1280496,3,1432932 -> 1446977 -> 1365806 -> 1280496,resolved,24600,167000,0.1473053892215569,0,0,0,24600,FALSE,FALSE,TRUE,FALSE,FALSE,0,0,1
1026400,3,1432932 -> 1477268 -> 1067651 -> 1026400,resolved,56108.369999999995,19300,2.9071694300518134,17858.37,0,19250,19000,FALSE,FALSE,FALSE,FALSE,TRUE,0.31828352882110106,0,0.33863040398428973
1029893,3,1432932 -> 1477268 -> 1067651 -> 1029893,resolved,49600,37600,1.3191489361702127,0,0,0,49600,FALSE,FALSE,FALSE,FALSE,TRUE,0,0,1
1410966,3,1478170 -> 1275549 -> 1305436 -> 1410966,resolved,90220.4,15000,6.014693333333333,0,0,0,90220.4,TRUE,FALSE,FALSE,FALSE,FALSE,0,0,1
1051385,3,1478170 -> 1275549 -> 1021800 -> 1051385,resolved,31643.930000000004,26500,1.194110566037736,198.82999999999998,99.33,14698.849999999999,16646.92,FALSE,FALSE,FALSE,FALSE,TRUE,0.006283353553114292,0.0031389906373829038,0.5260699287351475
1018998,3,1478170 -> 1275549 -> 1021800 -> 1018998,resolved,5504.37,15000,0.366958,510.79,1300,3693.58,0,FALSE,FALSE,TRUE,FALSE,FALSE,0.09279717751531966,0.23617598380922794,0
1464642,3,1268914 -> 1452149 -> 1477489 -> 1464642,unresolved,NA,133388.83000000002,NA,NA,NA,NA,NA,FALSE,FALSE,FALSE,TRUE,FALSE,NA,NA,NA
1026324,3,1268914 -> 1452149 -> 1477489 -> 1026324,resolved,2002671.23,177600,11.27630197072072,0,0,0,2002671.23,TRUE,FALSE,FALSE,FALSE,FALSE,0,0,1
1050957,3,1268914 -> 1452149 -> 1477489 -> 1050957,resolved,371263.9799999999,53500,6.939513644859812,0,0,371263.9799999999,0,FALSE,FALSE,FALSE,FALSE,TRUE,0,0,0
1021352,3,1268914 -> 1452149 -> 1477489 -> 1021352,resolved,147252.49999999997,70700,2.0827793493635074,1050.5,200,29042,116960,FALSE,FALSE,FALSE,FALSE,TRUE,0.007134004516052361,0.0013582112358024485,0.7942819306972718
1411956,3,1268914 -> 1452149 -> 1477489 -> 1411956,resolved,2287133.34,525900,4.348989047347404,0,0,0,2287133.34,FALSE,FALSE,FALSE,FALSE,TRUE,0,0,1
1396710,3,1268914 -> 1452149 -> 1477489 -> 1396710,resolved,29750,20900,1.423444976076555,0,400,13350,16000,FALSE,FALSE,FALSE,FALSE,TRUE,0,0.013445378151260505,0.5378151260504201
1045692,3,1268914 -> 1452149 -> 1477489 -> 1045692,resolved,2500,36400,0.06868131868131869,0,0,2500,0,FALSE,FALSE,TRUE,FALSE,FALSE,0,0,0
1018814,3,1268914 -> 1452149 -> 1477489 -> 1018814,resolved,63037.25,8900,7.082837078651686,8298.5,1925,12688.75,40125,FALSE,FALSE,FALSE,FALSE,TRUE,0.13164438486767743,0.03053749965298296,0.6365284018576318
1466592,3,1476547 -> 1467230 -> 1241835 -> 1466592,unresolved,NA,9955.68,NA,NA,NA,NA,NA,FALSE,FALSE,FALSE,TRUE,FALSE,NA,NA,NA
1022011,3,1476547 -> 1467230 -> 1241835 -> 1022011,unresolved,NA,23000,NA,NA,NA,NA,NA,FALSE,FALSE,FALSE,TRUE,FALSE,NA,NA,NA
1441380,4,1268914 -> 1452149 -> 1477489 -> 1021352 -> 1441380,resolved,2179075.61,8100,269.02168024691355,0,0,1200,2177875.61,FALSE,FALSE,FALSE,FALSE,TRUE,0,0,0.9994493077732167
1041721,4,1268914 -> 1452149 -> 1477489 -> 1411956 -> 1041721,resolved,108629.63,100000,1.0862963,0,0,1860.3300000000002,106769.3,FALSE,FALSE,FALSE,FALSE,TRUE,0,0,0.9828745619404209
1339123,0,1339123,resolved,1736744.66,550300,3.155996111212066,41,0,4700,1732003.66,FALSE,FALSE,FALSE,FALSE,TRUE,2.3607385094824477e-5,0,0.9972701801772058
1385462,0,1385462,resolved,382512.45999999996,20000,19.125622999999997,0,0,0,382512.45999999996,FALSE,FALSE,FALSE,FALSE,TRUE,0,0,1
1377164,1,1339123 -> 1377164,resolved,918631.9500000001,2264857.25,0.40560258267932786,221.66,0,135239.4,783170.89,FALSE,FALSE,TRUE,FALSE,FALSE,2.4129358879799464e-4,0,0.8525404434278603
1327845,1,1339123 -> 1327845,unresolved,NA,10000,NA,NA,NA,NA,NA,FALSE,FALSE,FALSE,TRUE,FALSE,NA,NA,NA
1069839,1,1339123 -> 1069839,resolved,181498.65000000005,106000,1.7122514150943402,7028.85,100,91114.79999999999,83255,FALSE,FALSE,FALSE,FALSE,TRUE,0.03872673433108179,5.509682854390375e-4,0.4587086460422707
1372681,1,1339123 -> 1372681,resolved,1142073.6,1196133.3,0.9548046191841663,1123081.6,0,0,18992,FALSE,FALSE,FALSE,FALSE,TRUE,0.9833705988825939,0,0.016629401117406094
