pac_id,order
1441380,1
1041721,2
1467372,3
1235352,4
1288733,5
1036765,6
1432306,7
1474269,8
1413944,9
1053292,10
1280496,11
1026400,12
1029893,13
1410966,14
1018998,15
1464642,16
1050957,17
1396710,18
1045692,19
1018814,20
1466592,21
1022011,22
1357479,23
1464406,24
1436831,25
1038764,26
1431455,27
1025467,28
1008988,29
1041364,30
1249402,31
1065909,32
1406018,33
1233935,34
1434027,35
1384599,36
1434406,37
1446747,38
1229652,39
1045895,40
1071844,41
1050995,42
1298069,43
1070610,44
1391325,45
1466651,46
1048801,47
1065171,48
1018355,49
1240437,50
1463224,51
1357256,52
1471593,53
1075652,54
1298012,55
1488590,56
1012312,57
1011327,58
1007720,59
1011621,60
1067293,61
1479794,62
1329702,63
1067655,64
1030699,65
1405807,66
1076803,67
1018624,68
1022620,69
1019127,70
1275328,71
1405082,72
1073535,73
1018843,74
1021823,75
1019100,76
1460720,77
1034859,78
1238126,79
1036915,80
1483175,81
1303937,82
1303833,83
1045835,84
1443600,85
1447361,86
1263100,87
1034642,88
1052012,89
1269303,90
1286381,91
1010229,92
1473273,93
1334557,94
1036761,95
1052206,96
1386983,97
1070781,98
1047613,99
1065029,100
1314816,101
1058621,102
1488229,103
1447800,104
1478537,105
1327845,106
1372681,107
1018771,108
1058056,109
1031555,110
1040629,111
1021564,112
1452790,113
1342002,114
1023815,115
1035434,116
1445789,117
1053896,118
1343340,119
1018977,120
1069562,121
1018937,122
1018954,123
1019216,124
1034810,125
1043345,126
1039598,127
1018862,128
1031089,129
1435181,130
1018801,131
1479934,132
1038947,133
1403112,134
1018912,135
1295768,136
1047153,137
1385674,138
1356185,139
1018449,140
1038907,141
1418060,142
1456636,143
1416440,144
1363067,145
1069124,146
1358723,147
1052411,148
1373047,149
1358150,150
1318200,151
1036697,152
1022794,153
1018473,154
1296948,155
1302384,156
1273063,157
1374983,158
1018915,159
1325942,160
1475565,161
1464730,162
1316497,163
1043298,164
1065182,165
1319072,166
1020788,167
1070224,168
1448772,169
1455363,170
1478478,171
1047526,172
1059236,173
1018869,174
1019718,175
1237416,176
1251912,177
1040545,178
1056178,179
1073398,180
1018385,181
1018496,182
1298011,183
1051285,184
1021722,185
1064202,186
1460206,187
1047683,188
1056662,189
1049814,190
1349650,191
1066113,192
1053654,193
1072506,194
1044790,195
1280902,196
1043772,197
1280263,198
1025597,199
1047877,200
1047468,201
1047852,202
1047853,203
1047878,204
1055863,205
1040377,206
1491712,207
1041831,208
1258616,209
1047521,210
1020403,211
1398311,212
1042752,213
1047876,214
1262838,215
1042976,216
1043305,217
1247000,218
1367567,219
1299419,220
1034124,221
1413981,222
1019977,223
1071932,224
1456932,225
1277874,226
1045460,227
1226530,228
1042187,229
1073761,230
1221924,231
1469747,232
1475124,233
1223277,234
1030692,235
1054067,236
1483803,237
1022953,238
1400117,239
1467150,240
1343200,241
1255069,242
1406838,243
1018748,244
1398390,245
1018750,246
1018640,247
1313474,248
1490566,249
1492717,250
1036989,251
1445004,252
1018754,253
1067533,254
1408693,255
1042048,256
1342714,257
1435087,258
1029026,259
1302173,260
1268631,261
1444108,262
1327739,263
1409634,264
1385462,265
1067651,266
1485004,267
1241835,268
1401119,269
1070689,270
1077374,271
1435580,272
