"","Contributor.Name","name","jw_dist","jaccard","level3_category"
"1","United Nurses Associations of California/ Union of Health Care Professionals","UNITED NURSES ASSOCIATION OF CALIFORNIA / UNION OF HEALTH CARE PROFESSIONALS",0.00266666666666668,NA,"Health worker unions"
"2","Northern California Carpenters Regional Council (Intermediary for Unitemized Union Member Contributions)","NORTHERN CAILFORNIA CARPENTERS REGIONAL COUNCIL",0.00425531914893624,NA,"Construction unions"
"3","Northern California Carpenters Regional Council","NORTHERN CAILFORNIA CARPENTERS REGIONAL COUNCIL",0.00425531914893624,NA,"Construction unions"
"4","Fletcher Jones Motor Cars","FLETCHER JONES MOTORCARS",0.00800000000000005,NA,"Auto dealers, new & used"
"5","Populus Financial Group, Inc","POPULOUS FINANCIAL GROUP",0.0083333333333333,NA,"Payday/Title Loans"
"6","OneMain General Service Corp.","ONEMAIN GENERAL SERVICES CORP",0.0083333333333333,NA,"Mortgage bankers & brokers"
"7","Painters & Allied Trades District Council 36 (intermediary for unitemized dues)","PAINTERS & ALLIED TRADES DISTRICT COUNCIL 16",0.00869565217391308,NA,"Construction unions"
"8","Association for Los Angeles Deputy Sherrifs","Association For Los Angeles Deputy Sheriffs",0.00930232558139537,NA,"Police unions & associations"
"9","California Association of Hospitals and Health Systems (CAHHS) NM","CALIFORNIA ASSOCIATION OF HOSPITALS & HEALTH SYSTEMS",0.0105263157894737,NA,"Hospitals"
"10","Southern California Pipe Trades District Council No. 16","SOUTHERN CALIFORNIA PIPE TRADES DISTRICT COUNCIL 16",0.0111111111111111,NA,"Construction unions"
"11","Southwest Airline Company","SOUTHWEST AIRLINES",0.0111111111111111,NA,"Airlines"
"12","Taylor Fresh Foods, Inc.","TAYLOR FRESH FOOD",0.0111111111111111,NA,"Vegetables, fruits & tree nuts"
"13","Waste Connections","WASTE CONNECTION INC",0.0117647058823529,NA,"Waste management"
"14","Waste Connections, Inc.","WASTE CONNECTION INC",0.0117647058823529,NA,"Waste management"
"15","California Applicants' Attorneys Association","CALIFORNIA APPLICANTS ATTORNEY ASSOCIATION",0.0117940199335548,NA,"Attorneys & law firms"
"16","In-N-Out Burgers","IN-N-OUT BURGER",0.0125,NA,"Restaurants & drinking establishments"
"17","BEACON PROPERTY MANAGMENT","BEACON PROPERTY MANAGEMENT LLC",0.0156923076923077,NA,"Building operators & managers"
"18","Plumbers and Steamfitters Local No. 467","PLUMBERS & STEAMFITTERS LOCAL 467",0.0157894736842106,NA,"Construction unions"
"19","Plumbers & Pipefitters Local 230 (intermediary for unitemized dues)","PLUMBERS & PIPEFITTER LOCAL 250",0.017825311942959,NA,"Construction unions"
"20","PulteGroup, Inc. and Affiliated Entities","PULTE GROUP",0.0181818181818182,NA,"Construction, unclassified"
"21","Professional Engineers In California Government  PECG","PROFESSIONAL ENGINEERS IN CALIFORNIA GOVERNMENT",0.0192307692307693,NA,"Other unions"
"22","Highland Fairview Operating Co., & Affiliated Entities","HIGHLAND FAIRVIEW OPERATING CO",0.0200000000000001,NA,"Trucking companies & services"
"23","Painters and Allied Trades District Council No. 36","PAINTERS & ALLIED TRADES DISTRICT COUNCIL 16",0.0206743566992014,NA,"Construction unions"
"24","Operating Engineers Local 12 (intermediary for unitemized dues)","OPERATING ENGINEERS LOCAL 501",0.020935960591133,NA,"Construction unions"
"25","American Federation of State County & Municipal Employees, AFL-CIO","AMERICAN FEDERATION OF STATE COUNTY & MUNICIPAL EMPLOYEES / AFSCME",0.0210312075983717,NA,"Federal employee unions"
"26","AFSCME Local 2703 (intermediary for unitemized member dues)","AFSCME LOCAL 2700",0.0235294117647059,NA,"State & local government employee unions"
"27","AFSCME Local 10 (intermediary for unitemized member dues)","AFSCME LOCAL 1902",0.0235294117647059,NA,"State & local government employee unions"
"28","Construction & General Laborers Local Union 304","CONSTRUCTION & GENERAL LABORERS LOCAL 304",0.0244897959183674,NA,"Construction unions"
"29","Shimmick Construction Co., Inc.","SHIMMICK CONSTRUCTION CO",0.025,NA,"Public works, industrial & commercial construction"
"30","International Longshore & Warehouse Union, Local 63","INTERNATIONAL LONGSHORE & WAREHOUSE UNION / ILWU LOCAL 63",0.0271592442645075,NA,"Merchant marine & longshoremen unions"
"31","Unite Here Local 30","UNITE HERE LOCAL 100",0.0305263157894738,NA,"Other unions"
"32","ARCHER DANIELS MIDLAND COMPANY (ADM RICE, INC.)","ARCHER DANIELS MIDLAND / ADM",0.0307692307692308,NA,"Food & kindred products manufacturing"
"33","Ernst & Young CA LLP","ERNST & YOUNG",0.0333333333333333,NA,"Accountants"
"34","LABORERS INTERNATIONAL UNION OF NORTH AMERICA LOCAL 89","LABORERS INTERNATIONAL UNION OF NORTH AMERICA",0.0333333333333333,NA,"Construction unions"
"35","ERNST & YOUNG U.S. LLP","ERNST & YOUNG",0.0333333333333333,NA,"Accountants"
"36","Majestic Realty Co., Inc.","MAJESTIC REALTY CO",0.0333333333333333,NA,"Real estate agents & managers"
"37","Air BnB","AIRBNB",0.0333333333333334,NA,"Hotels & motels"
"38","Educational Employees Credit Union (Indep Expenditure Account)","EDUCATIONAL EMPLOYEES CREDIT UNION FRESNO",0.0341463414634147,NA,"Credit unions"
"39","Elevator Constructors Local #8 (Intermediary for Unitemized Union Member Contributions)","ELEVATOR CONSTRUCTORS LOCAL 8",0.0342857142857143,NA,"Construction unions"
"40","Pacific Gas & Electric (PG&E)","PACIFIC GAS & ELECTRIC / PG&E",0.0344827586206897,NA,"Gas & electric utilities"
"41","International Longshore and Warehouse Union Local 13","INTERNATIONAL LONGSHORE & WAREHOUSE UNION / ILWU LOCAL 63",0.0347027069937287,NA,"Merchant marine & longshoremen unions"
"42","Electrical Workers Local #100 (Intermediary for Unitemized Union Member Contributions)","ELECTRICAL WORKERS LOCAL 100",0.0352941176470589,NA,"Electrical workers/IBEW"
"43","Electrical Workers Local #302 (Intermediary for Unitemized Union Member Contributions)","ELECTRICAL WORKERS LOCAL 302",0.0352941176470589,NA,"Electrical workers/IBEW"
"44","Electrical Workers Local #477 (Intermediary for Unitemized Union Member Contributions)","ELECTRICAL WORKERS LOCAL 477",0.0352941176470589,NA,"Electrical workers/IBEW"
"45","Electrical Workers Local #332 (Intermediary for Unitemized Union Member Contributions)","ELECTRICAL WORKERS LOCAL 332",0.0352941176470589,NA,"Electrical workers/IBEW"
"46","Electrical Workers Local #617 (Intermediary for Unitemized Union Member Contributions)","ELECTRICAL WORKERS LOCAL 617",0.0352941176470589,NA,"Electrical workers/IBEW"
"47","Electrical Workers Local #595 (Intermediary for Unitemized Union Member Contributions)","ELECTRICAL WORKERS LOCAL 595",0.0352941176470589,NA,"Electrical workers/IBEW"
"48","Electrical Workers Local #440 (Intermediary for Unitemized Union Member Contributions)","ELECTRICAL WORKERS LOCAL 440",0.0352941176470589,NA,"Electrical workers/IBEW"
"49","AFSCME Local 1 (intermediary for unitemized member dues)","AFSCME LOCAL 1902",0.0352941176470589,NA,"State & local government employee unions"
"50","Electrical Workers Local #551 (Intermediary for Unitemized Union Member Contributions)","ELECTRICAL WORKERS LOCAL 551",0.0352941176470589,NA,"Electrical workers/IBEW"
"51","Electrical Workers Local #569 (Intermediary for Unitemized Union Member Contributions)","ELECTRICAL WORKERS LOCAL 569",0.0352941176470589,NA,"Electrical workers/IBEW"
"52","Baron & Budd, PC","BARON & BUDD",0.0352941176470589,NA,"Attorneys & law firms"
"53","Anheuser Busch Co., Inc","ANHEUSER-BUSCH CO",0.0352941176470589,NA,"Beer"
"54","AFSCME Local 257 (intermediary for unitemized member dues)","AFSCME LOCAL 2700",0.0360294117647059,NA,"State & local government employee unions"
"55","AFSCME Local 1684 (intermediary for unitemized member dues)","AFSCME LOCAL 685",0.0360294117647059,NA,"State & local government employee unions"
"56","AFSCME Local 101 (intermediary for unitemized member dues)","AFSCME LOCAL 1902",0.0360294117647059,NA,"State & local government employee unions"
"57","AFSCME Local 258 (intermediary for unitemized member dues)","AFSCME LOCAL 2428",0.0360294117647059,NA,"State & local government employee unions"
"58","AFSCME Local 127","AFSCME LOCAL 1902",0.0360294117647059,NA,"State & local government employee unions"
"59","Sprinkler Fitters Local #709 (Intermediary for Unitemized Union Member Contributions)","SPRINKLER FITTERS LOCAL 709",0.0363636363636363,NA,"Construction unions"
"60","Electrical Workers Local #11 (Intermediary for Unitemized Union Member Contributions)","ELECTRICAL WORKERS LOCAL 11",0.0363636363636363,NA,"Electrical workers/IBEW"
"61","Covenant Care CA Inc","Covenant Care",0.0375,NA,"Nursing homes"
"62","Electrical Workers Local #6 (Intermediary for Unitemized Union Member Contributions)","ELECTRICAL WORKERS LOCAL 6",0.0375,NA,"Electrical workers/IBEW"
"63","Electrical Workers Local #6 (Intermediary for Unitemized  Union Member Contributions)","ELECTRICAL WORKERS LOCAL 6",0.0375,NA,"Electrical workers/IBEW"
"64","Holliday Rock Co., Inc.","HOLLIDAY ROCK CO",0.0375,NA,"Stone, clay, glass & concrete products"
"65","Elevator Constructors Local #18 (Intermediary for Unitemized Union Member Contributions)","ELEVATOR CONSTRUCTORS LOCAL 8",0.0388888888888889,NA,"Construction unions"
"66","Providence Administrative Consulting Services, Inc. (PACS)","PROVIDENCE ADMINISTRATIVE CONSULTING LLC",0.0400000000000001,NA,"Health care Consultants"
"67","North Monterey County Federation of Teachers (Unitemized Member Contributions)","NORTH MONTEREY COUNTY FEDERATION OF TEACHERS LOCAL 4008",0.0400000000000001,NA,"Teachers unions"
"68","Providence Administrative Consulting Services, Inc.","PROVIDENCE ADMINISTRATIVE CONSULTING LLC",0.0400000000000001,NA,"Health care Consultants"
"69","North Monterey County Federation of Teachers (Unitemized Member Dues)","NORTH MONTEREY COUNTY FEDERATION OF TEACHERS LOCAL 4008",0.0400000000000001,NA,"Teachers unions"
"70","California Water Service Group","CALIFORNIA WATER SERVICE CO",0.0400000000000001,NA,"Water utilities"
"71","California Association of Nurse Anesthesiology","CALIFORNIA ASSOCIATION OF NURSE ANESTHETISTS",0.0402535428516341,NA,"Nurses"
"72","Plumbers and Steamfitters Local Union No. 582","PLUMBERS & STEAMFITTERS LOCAL 582",0.0409090909090909,NA,"Construction unions"
"73","Electrical Workers Local #340 (Intermediary for Unitemized Union Member Contributions)","ELECTRICAL WORKERS LOCAL 40",0.0411764705882353,NA,"Electrical workers/IBEW"
"74","Dreyer Babich Buccola Wood Campora, LLP (Roger Dreyer)","DREYER BABICH BUCCOLA WOOD & CAMPORA LLP",0.041640866873065,NA,"Attorneys & law firms"
"75","Motor Vehicle Software Corporation dba VITU","MOTOR VEHICLE SOFTWARE CORPORATION",0.0418604651162791,NA,"Data processing & computer services"
"76","Motor Vehicle Software Corporation/dba VITU","MOTOR VEHICLE SOFTWARE CORPORATION",0.0418604651162791,NA,"Data processing & computer services"
"77","Ernst Law Group, ALC","ERNST LAW GROUP",0.0421052631578947,NA,"Attorneys & law firms"
"78","SEIU United Health Care Workers - West","SEIU United Healthcare Workers West",0.0426984126984127,NA,"Health worker unions"
"79","California Association of Hospitals and Health Systems (CAHHS) Administrative","CALIFORNIA ASSOCIATION OF HOSPITALS & HEALTH SYSTEMS",0.0434782608695653,NA,"Hospitals"
"80","Western United Dairymen","WESTERN UNITED DAIRIES",0.0442687747035573,NA,"Dairy farmers & wholesale and retail milk, cheese and ice cream dealers"
"81","National Union of Healthcare (intermediary for unitemized member dues)","NATIONAL UNION OF HEALTHCARE WORKERS",0.0444444444444445,NA,"Health worker unions"
"82","Boilermakers Local #92 (Intermediary for Unitemized Union Member Contributions)","BOILERMAKERS LOCAL 92",0.0444444444444445,NA,"Construction unions"
"83","Sprinkler Fitters Local 483 (represents unitemized member dues)","SPRINKLER FITTERS LOCAL 709",0.0444444444444445,NA,"Construction unions"
"84","Laborers International Union of North America Local No. 220","LABORERS INTERNATIONAL UNION OF NORTH AMERICA",0.0448275862068965,NA,"Construction unions"
"85","San Jose/Evergreen Faculty Association (Unitemized Member Contributions)","SAN JOSE / EVERGREEN FACULTY ASSOCIATION LOCAL 6157",0.0448979591836735,NA,"Teachers unions"
"86","McCarthy Building Companies, Inc. RUA","MCCARTHY BUILDING COMPANIES",0.0457142857142857,NA,"Public works, industrial & commercial construction"
"87","California Association of Sheet Metal & Air Conditioning Contractors National Association","CALIFORNIA ASSOCIATION OF SHEET METAL & AIR CONDITIONING CONTRACTORS",0.0461538461538462,NA,"Plumbing, heating & air conditioning"
"88","Pajaro Valley Federation of Teachers (Unitemized Member Contributions)","PAJARO VALLEY FEDERATION OF TEACHERS LOCAL 1936",0.0468085106382979,NA,"Teachers unions"
"89","Lance-Kashian & Company","LANCE-KASHIAN & CO",0.0470588235294118,NA,"Real estate developers & subdividers"
"90","Shernoff Bidart Echeverria, LLP","SHERNOFF BIDART ECHEVERRIA BENTLEY LLP",0.0470588235294118,NA,"Attorneys & law firms"
"91","Pacific Life Insurance Company","PACIFC LIFE INSURANCE",0.0471861471861472,NA,"Life insurance"
"92","Newport-Mesa Federation of Teachers (Unitemized Member Contributions)","NEWPORT MESA FEDERATION OF TEACHERS LOCAL 1794",0.0478260869565217,NA,"Teachers unions"
"93","Cerritos College Faculty Federation (Unitemized Member Contributions)","CERRITOS COLLEGE FACULTY FEDERATION LOCAL 6215",0.0478260869565217,NA,"Teachers unions"
"94","State Center Federation of Teachers (Unitemized Member Contributions)","STATE CENTER FEDERATION OF TEACHERS LOCAL 1533",0.0478260869565217,NA,"Teachers unions"
"95","Newport Mesa Federation of Teachers (Unitemized Member Contributions)","NEWPORT MESA FEDERATION OF TEACHERS LOCAL 1794",0.0478260869565217,NA,"Teachers unions"
"96","Laborers Local #1309 (Intermediary for Unitemized Union Member Contributions)","LABORERS LOCAL 1309",0.048,NA,"Construction unions"
"97","Laborers Local #1184 (Intermediary for Unitemized Union Member Contributions)","LABORERS LOCAL 1184",0.048,NA,"Construction unions"
"98","First Northern Bank - Dixon","First Northern Bank",0.048,NA,"Commercial banks & bank holding companies"
"99","Electrical Workers Local #441 (Intermediary for Unitemized Union Member Contributions)","ELECTRICAL WORKERS LOCAL 440",0.0483193277310925,NA,"Electrical workers/IBEW"
"100","AFSCME Local 146 (intermediary for unitemized member dues)","AFSCME LOCAL 3634",0.0493627450980393,NA,"State & local government employee unions"
"101","United Health Group Inc.","UNITEDHEALTH GROUP",0.0494152046783626,NA,"Accident & health insurance"
"102","Laborers Local #300 (Intermediary for Unitemized Union Member Contributions)","LABORERS LOCAL 300",0.05,NA,"Construction unions"
"103","Laborers Local #220 (Intermediary for Unitemized Union Member Contributions)","LABORERS LOCAL 220",0.05,NA,"Construction unions"
"104","American Federation of State, County and Municipal Employees Local 685 Union","AMERICAN FEDERATION OF STATE COUNTY & MUNICIPAL EMPLOYEES / AFSCME",0.0500136852394917,NA,"Federal employee unions"
"105","El Camino Federation of Teachers (Unitemized Member Contributions)","EL CAMINO FEDERATION OF TEACHERS LOCAL 1388",0.0511627906976744,NA,"Teachers unions"
"106","El Rancho Federation of Teachers (Unitemized Member Contributions)","EL RANCHO FEDERATION OF TEACHERS LOCAL 3467",0.0511627906976744,NA,"Teachers unions"
"107","El Rancho Federation of Teachers (Unitemized Member Dues)","EL RANCHO FEDERATION OF TEACHERS LOCAL 3467",0.0511627906976744,NA,"Teachers unions"
"108","Cotchett, Pitre & McCarthy, LLP","COTCHETT PITRE SIMON & MCCARTHY",0.0511784511784511,NA,"Attorneys & law firms"
"109","Painters & Allied Trades #36 (Intermediary for Unitemized Union Member Contributions)","PAINTERS & ALLIED TRADES (UNIDENTIFIABLE)",0.0514285714285714,NA,"Construction unions"
"110","Laborers Local #89 (Intermediary for Unitemized Union Member Contributions)","LABORERS LOCAL 89",0.0521739130434784,NA,"Construction unions"
"111","AFSCME Local #3299","AFSCME LOCAL 3299",0.0521739130434784,NA,"State & local government employee unions"
"112","Union of American Physicians and Dentists","UNION OF AMERICA PHYSICIANS & DENTISTS",0.0523780487804878,NA,"Health worker unions"
"113","Union of American Physicians & Dentists (Intermediary for unitemized union member contributions)","UNION OF AMERICA PHYSICIANS & DENTISTS",0.0523780487804878,NA,"Health worker unions"
"114","Berkeley Federation of Teachers (Unitemized Member Contributions)","BERKELEY FEDERATION OF TEACHERS LOCAL 1078",0.0523809523809524,NA,"Teachers unions"
"115","Takeda Pharmaceuticals America, Inc.","TAKEDA PHARMACEUTICALS",0.0533333333333333,NA,"Pharmaceutical manufacturing"
"116","Takeda Pharmaceuticals America Inc.","TAKEDA PHARMACEUTICALS",0.0533333333333333,NA,"Pharmaceutical manufacturing"
"117","Peralta Federation of Teachers (Unitemized Member Contributions)","PERALTA FEDERATION OF TEACHERS LOCAL 1603",0.0536585365853659,NA,"Teachers unions"
"118","Electrical Workers Local #428 (Intermediary for Unitemized Union Member Contributions)","ELECTRICAL WORKERS LOCAL 18",0.0544662309368192,NA,"Electrical workers/IBEW"
"119","United Teachers Los Angeles - UTLA","UNITED TEACHERS LOS ANGELES LOCAL 1021",0.0546052631578947,NA,"Teachers unions"
"120","Operating Engineers Local #12 (Intermediary for Unitemized Union Member Contributions)","OPERATING ENGINEERS LOCAL 501",0.0549695740365111,NA,"Construction unions"
"121","Novato Federation of Teachers (Unitemized Member Contributions)","NOVATO FEDERATION OF TEACHERS LOCAL 1986",0.055,NA,"Teachers unions"
"122","Lompoc Federation of Teachers (Unitemized Member Contributions)","LOMPOC FEDERATION OF TEACHERS LOCAL 3151",0.055,NA,"Teachers unions"
"123","HOD CARRIERS AND LABORERS LOCAL 783","HOD CARRIERS & GENERAL LABORERS LOCAL 783",NA,0.857142857142857,"Construction unions"
"124","SANTA YNEZ BAND OF MISSION INDIANS","SANTA YNEZ BAND OF CHUMASH MISSION INDIANS",NA,0.857142857142857,"Native American tribes & governing units"
"125","Sacramento County Probation Association","SACRAMENTO COUNTY PROBATION OFFICERS ASSOCIATION",NA,0.8,"Parole and probation unions and associations"
"126","AFSCME District Council 36","AFSCME CALIFORNIA DISTRICT COUNCIL 36",NA,0.8,"State & local government employee unions"
"127","LOS ANGELES FEDERATION OF LABOR","LOS ANGELES COUNTY FEDERATION OF LABOR",NA,0.833333333333333,"Labor unions"
"128","United Nurses Association of CA/Union of Health Care Professionals (Intermediary for Unitemized Union Member Contributions)","UNITED NURSES ASSOCIATION OF CALIFORNIA / UNION OF HEALTH CARE PROFESSIONALS",NA,0.8,"Health worker unions"
"129","Santa Ynez Band of Mission Indians","SANTA YNEZ BAND OF CHUMASH MISSION INDIANS",NA,0.857142857142857,"Native American tribes & governing units"
"130","Pechanga Band Of Luiseno Indians","PECHANGA BAND OF LUISENO MISSION INDIANS",NA,0.833333333333333,"Native American tribes & governing units"
"131","San Francisco Community College District Federation of Teachers (Unitemized Member Contributions)","SAN FRANCISCO COMMUNITY COLLEGE FEDERATION OF TEACHERS LOCAL 2121",NA,0.7,"Teachers unions"
"132","E & J Gallo Winery","E & J GALLO",NA,0.8,"Wine & distilled spirits manufacturing"
"133","Blue Shield of California","BLUE CROSS BLUE SHIELD OF CALIFORNIA",NA,0.8,"Accident & health insurance"
"134","American Pistachio Growers(Admin Account)","AMERICAN PISTACHIO GROWERS CALIFORNIA",NA,0.75,"Vegetables, fruits & tree nuts"
"135","California Life Sciences","CALIFORNIA LIFE SCIENCES ASSOCIATION",NA,0.75,"Biotech products & research"
"136","Pharmaceutical Research and Manufacturers of America","PHARMACEUTICAL RESEARCH & MANUFACTURERS ASSOCIATION OF AMERICA / PHRMA",NA,0.75,"Pharmaceutical manufacturing"
"137","Blue Shield Of California","BLUE CROSS BLUE SHIELD OF CALIFORNIA",NA,0.8,"Accident & health insurance"
"138","Safe 1 Credit Union (Indep Expenditure Account)","SAFE CREDIT UNION",NA,0.75,"Credit unions"
"139","California Conference Board Amalgamated Transit Union","CALIFORNIA CONFERENCE BOARD OF THE AMALGAMATED TRANSIT UNION",NA,0.75,"Transportation unions"
"140","Santa Ynez Band Of Mission Indians","SANTA YNEZ BAND OF CHUMASH MISSION INDIANS",NA,0.857142857142857,"Native American tribes & governing units"
"141","Pechanga Band of Luiseno Indians","PECHANGA BAND OF LUISENO MISSION INDIANS",NA,0.833333333333333,"Native American tribes & governing units"
"142","Los Angeles County Building and Construction Trades Council","LOS ANGELES / ORANGE COUNTIES BUILDING & CONSTRUCTION TRADES COUNCIL",NA,0.7,"Construction unions"
"143","Bisnar & Chase Personal Injury Attorneys, LLP","BISNAR CHASE PERSONAL INJURY ATTORNEYS LLP",NA,0.833333333333333,"Attorneys & law firms"
"144","Carpenter & Zuckerman LLP (John Carpenter)","CARPENTER, ZUCKERMAN & ROWLEY",NA,0.75,"Attorneys & law firms"
"145","Safe 1 Credit Union","SAFE CREDIT UNION",NA,0.75,"Credit unions"
"146","AFSCME DISTRICT COUNCIL 36","AFSCME CALIFORNIA DISTRICT COUNCIL 36",NA,0.8,"State & local government employee unions"
"147","SAN DIEGO AND IMPERIAL COUNTIES LABOR COUNCIL","SAN DIEGO IMPERIAL COUNTIES CENTRAL LABOR COUNCIL",NA,0.75,"Labor unions"
"148","OneMain General Services Corporation","ONEMAIN GENERAL SERVICES CORP",NA,0.75,"Mortgage bankers & brokers"
"149","Picayune Rancheria of the Chukchansi Indians","PICAYUNE RACHERIA OF THE CHUKCHANSI INDIANS",NA,0.714285714285714,"Native American tribes & governing units"
"150","Liberty Dental Plan Corporation","LIBERTY DENTAL PLAN CORP",NA,0.75,"Dentists"
