"pac_id","depth","is_seed","traversed","has_pac_no_id_contributors","is_candidate_pac","is_federal_pac"
"1477005",0,TRUE,FALSE,FALSE,TRUE,FALSE
"1219354",0,TRUE,TRUE,FALSE,FALSE,FALSE
"1301846",0,TRUE,TRUE,FALSE,FALSE,FALSE
"1400117",0,TRUE,FALSE,FALSE,FALSE,TRUE
"1340182",0,TRUE,TRUE,FALSE,FALSE,FALSE
"1424664",0,TRUE,TRUE,FALSE,FALSE,FALSE
"1077374",0,TRUE,TRUE,FALSE,FALSE,FALSE
"1025675",0,TRUE,TRUE,FALSE,FALSE,FALSE
"1045740",0,TRUE,TRUE,FALSE,FALSE,FALSE
"1465399",0,TRUE,TRUE,FALSE,FALSE,FALSE
"1400190",0,TRUE,TRUE,FALSE,FALSE,FALSE
"1268914",0,TRUE,TRUE,FALSE,FALSE,FALSE
"1264590",0,TRUE,TRUE,FALSE,FALSE,FALSE
"1467958",0,TRUE,FALSE,FALSE,TRUE,FALSE
"1240104",0,TRUE,TRUE,FALSE,FALSE,FALSE
"1457730",0,TRUE,TRUE,FALSE,FALSE,FALSE
"1244001",0,TRUE,TRUE,FALSE,FALSE,FALSE
"1021742",0,TRUE,TRUE,FALSE,FALSE,FALSE
"1353866",0,TRUE,TRUE,FALSE,FALSE,FALSE
"1059890",0,TRUE,TRUE,FALSE,FALSE,FALSE
"1486767",0,TRUE,TRUE,FALSE,FALSE,FALSE
"1406946",0,TRUE,TRUE,FALSE,FALSE,FALSE
"1423278",0,TRUE,TRUE,FALSE,FALSE,FALSE
"1280428",0,TRUE,TRUE,FALSE,FALSE,FALSE
"1047609",0,TRUE,TRUE,FALSE,FALSE,FALSE
"1489719",0,TRUE,TRUE,TRUE,FALSE,FALSE
"1488414",0,TRUE,TRUE,FALSE,FALSE,FALSE
"1390695",0,TRUE,TRUE,FALSE,FALSE,FALSE
"1490585",0,TRUE,TRUE,FALSE,FALSE,FALSE
"1488681",0,TRUE,TRUE,FALSE,FALSE,FALSE
"1052379",0,TRUE,TRUE,FALSE,FALSE,FALSE
"1387772",0,TRUE,TRUE,TRUE,FALSE,FALSE
"1481256",0,TRUE,TRUE,FALSE,FALSE,FALSE
"1077648",0,TRUE,TRUE,FALSE,FALSE,FALSE
"1460932",0,TRUE,TRUE,FALSE,FALSE,FALSE
"1072248",0,TRUE,TRUE,FALSE,FALSE,FALSE
"1377164",0,TRUE,TRUE,FALSE,FALSE,FALSE
"1485031",0,TRUE,TRUE,FALSE,FALSE,FALSE
"1440576",0,TRUE,TRUE,FALSE,FALSE,FALSE
"1067655",0,TRUE,TRUE,FALSE,FALSE,FALSE
"1442568",0,TRUE,TRUE,FALSE,FALSE,FALSE
"1417274",0,TRUE,FALSE,FALSE,FALSE,TRUE
"1026569",0,TRUE,TRUE,FALSE,FALSE,FALSE
"1018392",0,TRUE,TRUE,TRUE,FALSE,FALSE
"1073358",0,TRUE,TRUE,FALSE,FALSE,FALSE
"1019646",0,TRUE,TRUE,FALSE,FALSE,FALSE
"1071844",0,TRUE,TRUE,FALSE,FALSE,FALSE
"1045082",0,TRUE,TRUE,FALSE,FALSE,FALSE
"1221342",0,TRUE,FALSE,FALSE,FALSE,TRUE
"1492745",0,TRUE,TRUE,FALSE,FALSE,FALSE
"1484213",0,TRUE,FALSE,FALSE,TRUE,FALSE
"1036761",0,TRUE,TRUE,FALSE,FALSE,FALSE
"1042437",0,TRUE,TRUE,FALSE,FALSE,FALSE
"1271482",0,TRUE,TRUE,FALSE,FALSE,FALSE
"1344683",0,TRUE,TRUE,FALSE,FALSE,FALSE
"1254555",0,TRUE,TRUE,FALSE,FALSE,FALSE
"1373047",1,FALSE,TRUE,FALSE,FALSE,FALSE
"1364220",1,FALSE,TRUE,FALSE,FALSE,FALSE
"1477899",1,FALSE,TRUE,FALSE,FALSE,FALSE
"1461019",1,FALSE,TRUE,FALSE,FALSE,FALSE
"1476560",1,FALSE,TRUE,FALSE,FALSE,FALSE
"1488423",1,FALSE,TRUE,FALSE,FALSE,FALSE
"1379198",1,FALSE,TRUE,FALSE,FALSE,FALSE
"1343200",1,FALSE,TRUE,FALSE,FALSE,FALSE
"1021268",1,FALSE,TRUE,TRUE,FALSE,FALSE
"1031555",1,FALSE,TRUE,FALSE,FALSE,FALSE
"1029583",1,FALSE,TRUE,FALSE,FALSE,FALSE
"1054067",1,FALSE,TRUE,FALSE,FALSE,FALSE
"1275328",1,FALSE,TRUE,FALSE,FALSE,FALSE
"1352869",1,FALSE,TRUE,FALSE,FALSE,FALSE
"1025266",1,FALSE,TRUE,TRUE,FALSE,FALSE
"1023240",1,FALSE,TRUE,FALSE,FALSE,FALSE
"1058417",1,FALSE,TRUE,FALSE,FALSE,FALSE
"1047894",1,FALSE,TRUE,FALSE,FALSE,FALSE
"1022037",1,FALSE,TRUE,FALSE,FALSE,FALSE
"1018725",1,FALSE,TRUE,FALSE,FALSE,FALSE
"1047567",1,FALSE,TRUE,FALSE,FALSE,FALSE
"1288633",1,FALSE,TRUE,FALSE,FALSE,FALSE
"1022620",1,FALSE,TRUE,FALSE,FALSE,FALSE
"1048313",1,FALSE,TRUE,FALSE,FALSE,FALSE
"1051393",1,FALSE,TRUE,FALSE,FALSE,FALSE
"1050957",1,FALSE,TRUE,TRUE,FALSE,FALSE
"1064861",1,FALSE,TRUE,FALSE,FALSE,FALSE
"1026634",1,FALSE,TRUE,FALSE,FALSE,FALSE
"1018378",1,FALSE,TRUE,FALSE,FALSE,FALSE
"1364941",1,FALSE,TRUE,FALSE,FALSE,FALSE
"1045692",1,FALSE,TRUE,FALSE,FALSE,FALSE
"1243454",1,FALSE,TRUE,FALSE,FALSE,FALSE
"1365388",1,FALSE,TRUE,FALSE,FALSE,FALSE
"1247506",1,FALSE,TRUE,FALSE,FALSE,FALSE
"1026550",1,FALSE,TRUE,FALSE,FALSE,FALSE
"1021723",1,FALSE,TRUE,FALSE,FALSE,FALSE
"1019780",1,FALSE,TRUE,FALSE,FALSE,FALSE
"1018676",1,FALSE,TRUE,FALSE,FALSE,FALSE
"1338487",1,FALSE,TRUE,FALSE,FALSE,FALSE
"1046578",1,FALSE,TRUE,FALSE,FALSE,FALSE
"1018435",1,FALSE,TRUE,FALSE,FALSE,FALSE
"1065050",1,FALSE,TRUE,FALSE,FALSE,FALSE
"1445789",1,FALSE,TRUE,FALSE,FALSE,FALSE
"1048181",1,FALSE,TRUE,FALSE,FALSE,FALSE
"1329180",1,FALSE,FALSE,FALSE,FALSE,TRUE
"1058056",1,FALSE,TRUE,FALSE,FALSE,FALSE
"1021744",1,FALSE,TRUE,TRUE,FALSE,FALSE
"1244985",1,FALSE,FALSE,FALSE,FALSE,TRUE
"1464730",1,FALSE,TRUE,FALSE,FALSE,FALSE
"1021680",1,FALSE,TRUE,FALSE,FALSE,FALSE
"1069839",1,FALSE,TRUE,TRUE,FALSE,FALSE
"1019401",1,FALSE,TRUE,FALSE,FALSE,FALSE
"1045880",1,FALSE,TRUE,FALSE,FALSE,FALSE
"1039225",1,FALSE,TRUE,TRUE,FALSE,FALSE
"1384976",1,FALSE,TRUE,FALSE,FALSE,FALSE
"1008988",1,FALSE,TRUE,FALSE,FALSE,FALSE
"1247715",1,FALSE,TRUE,FALSE,FALSE,FALSE
"1011290",1,FALSE,TRUE,FALSE,FALSE,FALSE
"1009404",1,FALSE,TRUE,FALSE,FALSE,FALSE
"1008578",1,FALSE,TRUE,FALSE,FALSE,FALSE
"1470692",1,FALSE,TRUE,FALSE,FALSE,FALSE
"1229831",1,FALSE,TRUE,FALSE,FALSE,FALSE
"1252603",1,FALSE,TRUE,FALSE,FALSE,FALSE
"1293569",1,FALSE,TRUE,FALSE,FALSE,FALSE
"1285322",1,FALSE,TRUE,FALSE,FALSE,FALSE
"1013067",1,FALSE,TRUE,FALSE,FALSE,FALSE
"1253640",1,FALSE,TRUE,FALSE,FALSE,FALSE
"1354895",1,FALSE,TRUE,FALSE,FALSE,FALSE
"1235762",1,FALSE,TRUE,FALSE,FALSE,FALSE
"1442284",1,FALSE,TRUE,FALSE,FALSE,FALSE
"1405723",1,FALSE,TRUE,FALSE,FALSE,FALSE
"1484860",1,FALSE,TRUE,FALSE,FALSE,FALSE
"1465256",1,FALSE,TRUE,FALSE,FALSE,FALSE
"1477274",1,FALSE,TRUE,FALSE,FALSE,FALSE
"1464406",1,FALSE,TRUE,FALSE,FALSE,FALSE
"1283587",1,FALSE,TRUE,FALSE,FALSE,FALSE
"1345344",1,FALSE,TRUE,FALSE,FALSE,FALSE
"1018771",1,FALSE,TRUE,FALSE,FALSE,FALSE
"1069562",1,FALSE,TRUE,FALSE,FALSE,FALSE
"1039318",1,FALSE,TRUE,FALSE,FALSE,FALSE
"1040629",1,FALSE,TRUE,FALSE,FALSE,FALSE
"1070224",1,FALSE,TRUE,FALSE,FALSE,FALSE
"1302384",1,FALSE,TRUE,FALSE,FALSE,FALSE
"1046932",1,FALSE,TRUE,FALSE,FALSE,FALSE
"1023815",1,FALSE,TRUE,FALSE,FALSE,FALSE
"1052411",1,FALSE,TRUE,FALSE,FALSE,FALSE
"1454100",1,FALSE,TRUE,FALSE,FALSE,FALSE
"1020788",1,FALSE,TRUE,FALSE,FALSE,FALSE
"1035434",1,FALSE,TRUE,FALSE,FALSE,FALSE
"1278808",1,FALSE,TRUE,FALSE,FALSE,FALSE
"1019828",1,FALSE,FALSE,FALSE,FALSE,TRUE
"1018846",1,FALSE,TRUE,FALSE,FALSE,FALSE
"1277874",1,FALSE,TRUE,FALSE,FALSE,FALSE
"1036697",1,FALSE,TRUE,FALSE,FALSE,FALSE
"1026184",1,FALSE,TRUE,FALSE,FALSE,FALSE
"1388537",1,FALSE,TRUE,FALSE,FALSE,FALSE
"1234155",1,FALSE,TRUE,FALSE,FALSE,FALSE
"1018977",1,FALSE,TRUE,FALSE,FALSE,FALSE
"1254179",1,FALSE,TRUE,FALSE,FALSE,FALSE
"1021823",1,FALSE,TRUE,FALSE,FALSE,FALSE
"1325942",1,FALSE,FALSE,FALSE,FALSE,TRUE
"1356185",1,FALSE,TRUE,FALSE,FALSE,FALSE
"1344506",1,FALSE,TRUE,FALSE,FALSE,FALSE
"1038907",1,FALSE,TRUE,FALSE,FALSE,FALSE
"1305436",1,FALSE,TRUE,FALSE,FALSE,FALSE
"1047521",1,FALSE,TRUE,FALSE,FALSE,FALSE
"1318200",1,FALSE,TRUE,FALSE,FALSE,FALSE
"1439102",1,FALSE,TRUE,FALSE,FALSE,FALSE
"1041364",1,FALSE,TRUE,FALSE,FALSE,FALSE
"1286035",1,FALSE,TRUE,FALSE,FALSE,FALSE
"1018801",1,FALSE,TRUE,FALSE,FALSE,FALSE
"1407923",1,FALSE,TRUE,FALSE,FALSE,FALSE
"1477233",1,FALSE,TRUE,FALSE,FALSE,FALSE
"1480256",1,FALSE,FALSE,FALSE,FALSE,TRUE
"1452249",1,FALSE,TRUE,FALSE,FALSE,FALSE
"1467902",1,FALSE,TRUE,FALSE,FALSE,FALSE
"1038947",1,FALSE,TRUE,FALSE,FALSE,FALSE
"1021722",1,FALSE,TRUE,FALSE,FALSE,FALSE
"1479814",1,FALSE,TRUE,FALSE,FALSE,FALSE
"1394146",1,FALSE,TRUE,FALSE,FALSE,FALSE
"1471300",1,FALSE,TRUE,FALSE,FALSE,FALSE
"1237135",1,FALSE,TRUE,FALSE,FALSE,FALSE
"1073761",1,FALSE,TRUE,FALSE,FALSE,FALSE
"1266887",1,FALSE,TRUE,FALSE,FALSE,FALSE
"1331005",1,FALSE,TRUE,FALSE,FALSE,FALSE
"1034589",1,FALSE,TRUE,FALSE,FALSE,FALSE
"1456428",1,FALSE,TRUE,TRUE,FALSE,FALSE
"1398376",1,FALSE,TRUE,TRUE,FALSE,FALSE
"1018355",1,FALSE,TRUE,FALSE,FALSE,FALSE
"1054869",1,FALSE,TRUE,FALSE,FALSE,FALSE
"1457818",1,FALSE,TRUE,TRUE,FALSE,FALSE
"1053896",1,FALSE,TRUE,FALSE,FALSE,FALSE
"1036915",1,FALSE,TRUE,FALSE,FALSE,FALSE
"1021564",1,FALSE,TRUE,FALSE,FALSE,FALSE
"1303937",1,FALSE,TRUE,FALSE,FALSE,FALSE
"1478738",1,FALSE,TRUE,FALSE,FALSE,FALSE
"1237671",1,FALSE,TRUE,FALSE,FALSE,FALSE
"1295768",1,FALSE,TRUE,FALSE,FALSE,FALSE
"1383183",1,FALSE,TRUE,FALSE,FALSE,FALSE
"1458142",1,FALSE,TRUE,FALSE,FALSE,FALSE
"1456951",1,FALSE,TRUE,FALSE,FALSE,FALSE
"1018937",1,FALSE,TRUE,FALSE,FALSE,FALSE
"1318775",1,FALSE,TRUE,FALSE,FALSE,FALSE
"1280730",1,FALSE,FALSE,FALSE,FALSE,TRUE
"1357256",1,FALSE,TRUE,FALSE,FALSE,FALSE
"1427496",1,FALSE,TRUE,FALSE,FALSE,FALSE
"1018529",1,FALSE,TRUE,FALSE,FALSE,FALSE
"1018915",1,FALSE,TRUE,FALSE,FALSE,FALSE
"1358910",1,FALSE,TRUE,FALSE,FALSE,FALSE
"1241835",1,FALSE,TRUE,FALSE,FALSE,FALSE
"1273063",1,FALSE,TRUE,FALSE,FALSE,FALSE
"1034810",1,FALSE,TRUE,FALSE,FALSE,FALSE
"1468264",1,FALSE,TRUE,FALSE,FALSE,FALSE
"1262838",1,FALSE,FALSE,FALSE,FALSE,TRUE
"1467077",1,FALSE,TRUE,FALSE,FALSE,FALSE
"1468740",1,FALSE,TRUE,FALSE,FALSE,FALSE
"1469561",1,FALSE,TRUE,FALSE,FALSE,FALSE
"1377592",1,FALSE,FALSE,FALSE,FALSE,TRUE
"1018449",1,FALSE,TRUE,FALSE,FALSE,FALSE
"1401346",1,FALSE,TRUE,FALSE,FALSE,FALSE
"1423131",1,FALSE,TRUE,FALSE,FALSE,FALSE
"1278442",1,FALSE,TRUE,FALSE,FALSE,FALSE
"1302173",1,FALSE,TRUE,FALSE,FALSE,FALSE
"1406018",1,FALSE,TRUE,FALSE,FALSE,FALSE
"1018912",1,FALSE,TRUE,FALSE,FALSE,FALSE
"1042247",1,FALSE,TRUE,FALSE,FALSE,FALSE
"1048529",1,FALSE,TRUE,TRUE,FALSE,FALSE
"1272633",1,FALSE,TRUE,TRUE,FALSE,FALSE
"1038905",1,FALSE,TRUE,FALSE,FALSE,FALSE
"1437529",1,FALSE,TRUE,FALSE,FALSE,FALSE
"1483101",1,FALSE,TRUE,FALSE,FALSE,FALSE
"1408990",1,FALSE,TRUE,FALSE,FALSE,FALSE
"1243091",1,FALSE,TRUE,FALSE,FALSE,FALSE
"1363067",1,FALSE,TRUE,FALSE,FALSE,FALSE
"1069124",1,FALSE,TRUE,FALSE,FALSE,FALSE
"1455293",1,FALSE,TRUE,FALSE,FALSE,FALSE
"1358790",1,FALSE,TRUE,FALSE,FALSE,FALSE
"1018748",1,FALSE,TRUE,FALSE,FALSE,FALSE
"1380675",1,FALSE,TRUE,TRUE,FALSE,FALSE
"1051531",1,FALSE,TRUE,FALSE,FALSE,FALSE
"1247549",1,FALSE,TRUE,FALSE,FALSE,FALSE
"1415484",1,FALSE,TRUE,FALSE,FALSE,FALSE
"1377585",1,FALSE,TRUE,FALSE,FALSE,FALSE
"1466919",1,FALSE,TRUE,FALSE,FALSE,FALSE
"1477295",1,FALSE,TRUE,FALSE,FALSE,FALSE
"1478936",1,FALSE,FALSE,FALSE,TRUE,FALSE
"1479206",1,FALSE,TRUE,FALSE,FALSE,FALSE
"1431167",1,FALSE,TRUE,FALSE,FALSE,FALSE
"1358150",1,FALSE,TRUE,FALSE,FALSE,FALSE
"1481476",1,FALSE,TRUE,FALSE,FALSE,FALSE
"1247892",1,FALSE,TRUE,FALSE,FALSE,FALSE
"1483657",1,FALSE,TRUE,FALSE,FALSE,FALSE
"1478433",1,FALSE,FALSE,FALSE,FALSE,TRUE
"1468266",1,FALSE,TRUE,FALSE,FALSE,FALSE
"1428226",1,FALSE,TRUE,FALSE,FALSE,FALSE
"1485822",1,FALSE,TRUE,FALSE,FALSE,FALSE
"1482260",1,FALSE,TRUE,FALSE,FALSE,FALSE
"1459007",1,FALSE,TRUE,FALSE,FALSE,FALSE
"1282023",1,FALSE,TRUE,FALSE,FALSE,FALSE
"1480296",1,FALSE,TRUE,TRUE,FALSE,FALSE
"1071932",1,FALSE,TRUE,FALSE,FALSE,FALSE
"1468335",1,FALSE,TRUE,FALSE,FALSE,FALSE
"1231808",1,FALSE,TRUE,FALSE,FALSE,FALSE
"1247000",1,FALSE,FALSE,FALSE,FALSE,TRUE
"1467230",1,FALSE,TRUE,FALSE,FALSE,FALSE
"1254059",1,FALSE,TRUE,FALSE,FALSE,FALSE
"1029806",1,FALSE,TRUE,FALSE,FALSE,FALSE
"1019216",1,FALSE,TRUE,FALSE,FALSE,FALSE
"1477642",1,FALSE,TRUE,FALSE,FALSE,FALSE
"1484266",1,FALSE,TRUE,TRUE,FALSE,FALSE
"1018513",1,FALSE,TRUE,FALSE,FALSE,FALSE
"1484899",1,FALSE,TRUE,FALSE,FALSE,FALSE
"1408224",1,FALSE,TRUE,FALSE,FALSE,FALSE
"1235258",1,FALSE,TRUE,FALSE,FALSE,FALSE
"1051844",1,FALSE,TRUE,FALSE,FALSE,FALSE
"1275672",1,FALSE,TRUE,FALSE,FALSE,FALSE
"1470826",1,FALSE,TRUE,FALSE,FALSE,FALSE
"1488081",1,FALSE,TRUE,FALSE,FALSE,FALSE
"1058979",1,FALSE,TRUE,FALSE,FALSE,FALSE
"1409634",1,FALSE,FALSE,FALSE,FALSE,TRUE
"1488590",1,FALSE,TRUE,FALSE,FALSE,FALSE
"1452790",1,FALSE,FALSE,FALSE,TRUE,FALSE
"1374983",1,FALSE,TRUE,FALSE,FALSE,FALSE
"1021273",1,FALSE,TRUE,TRUE,FALSE,FALSE
"1018766",1,FALSE,TRUE,FALSE,FALSE,FALSE
"1254010",1,FALSE,TRUE,FALSE,FALSE,FALSE
"1060120",1,FALSE,TRUE,FALSE,FALSE,FALSE
"1233935",1,FALSE,TRUE,FALSE,FALSE,FALSE
"1296889",1,FALSE,TRUE,FALSE,FALSE,FALSE
"1302433",1,FALSE,TRUE,FALSE,FALSE,FALSE
"1475998",1,FALSE,TRUE,FALSE,FALSE,FALSE
"1065171",1,FALSE,TRUE,FALSE,FALSE,FALSE
"1018754",1,FALSE,TRUE,FALSE,FALSE,FALSE
"1461436",1,FALSE,TRUE,FALSE,FALSE,FALSE
"1374474",1,FALSE,TRUE,FALSE,FALSE,FALSE
"1355053",1,FALSE,TRUE,FALSE,FALSE,FALSE
"1355052",1,FALSE,TRUE,FALSE,FALSE,FALSE
"1253541",1,FALSE,TRUE,FALSE,FALSE,FALSE
"1009760",1,FALSE,TRUE,FALSE,FALSE,FALSE
"1014098",1,FALSE,TRUE,FALSE,FALSE,FALSE
"1261612",1,FALSE,TRUE,FALSE,FALSE,FALSE
"1363184",1,FALSE,TRUE,FALSE,FALSE,FALSE
"1010199",1,FALSE,TRUE,FALSE,FALSE,FALSE
"1010204",1,FALSE,TRUE,FALSE,FALSE,FALSE
"1010197",1,FALSE,TRUE,FALSE,FALSE,FALSE
"1355050",1,FALSE,TRUE,FALSE,FALSE,FALSE
"1010260",1,FALSE,TRUE,FALSE,FALSE,FALSE
"1355057",1,FALSE,TRUE,FALSE,FALSE,FALSE
"1355060",1,FALSE,TRUE,FALSE,FALSE,FALSE
"1010278",1,FALSE,TRUE,FALSE,FALSE,FALSE
"1450764",1,FALSE,TRUE,FALSE,FALSE,FALSE
"1261609",1,FALSE,TRUE,FALSE,FALSE,FALSE
"1261972",1,FALSE,TRUE,FALSE,FALSE,FALSE
"1294498",1,FALSE,TRUE,FALSE,FALSE,FALSE
"1010381",1,FALSE,TRUE,FALSE,FALSE,FALSE
"1010258",1,FALSE,TRUE,FALSE,FALSE,FALSE
"1010167",1,FALSE,TRUE,FALSE,FALSE,FALSE
"1010183",1,FALSE,TRUE,FALSE,FALSE,FALSE
"1012585",1,FALSE,TRUE,FALSE,FALSE,FALSE
"1457545",1,FALSE,TRUE,FALSE,FALSE,FALSE
"1261615",1,FALSE,TRUE,FALSE,FALSE,FALSE
"1010405",1,FALSE,TRUE,FALSE,FALSE,FALSE
"1450766",1,FALSE,TRUE,FALSE,FALSE,FALSE
"1355048",1,FALSE,TRUE,FALSE,FALSE,FALSE
"1264046",1,FALSE,TRUE,FALSE,FALSE,FALSE
"1010385",1,FALSE,TRUE,FALSE,FALSE,FALSE
"1010411",1,FALSE,TRUE,FALSE,FALSE,FALSE
"1012990",1,FALSE,TRUE,FALSE,FALSE,FALSE
"1261618",1,FALSE,TRUE,FALSE,FALSE,FALSE
"1011716",1,FALSE,TRUE,FALSE,FALSE,FALSE
"1282798",1,FALSE,TRUE,FALSE,FALSE,FALSE
"1014526",1,FALSE,TRUE,FALSE,FALSE,FALSE
"1012856",1,FALSE,TRUE,FALSE,FALSE,FALSE
"1293912",1,FALSE,TRUE,FALSE,FALSE,FALSE
"1011492",1,FALSE,TRUE,FALSE,FALSE,FALSE
"1287768",1,FALSE,TRUE,FALSE,FALSE,FALSE
"1245954",1,FALSE,TRUE,FALSE,FALSE,FALSE
"1010241",1,FALSE,TRUE,FALSE,FALSE,FALSE
"1355061",1,FALSE,TRUE,FALSE,FALSE,FALSE
"1012481",1,FALSE,TRUE,FALSE,FALSE,FALSE
"1010274",1,FALSE,TRUE,FALSE,FALSE,FALSE
"1010229",1,FALSE,TRUE,FALSE,FALSE,FALSE
"1450768",1,FALSE,TRUE,FALSE,FALSE,FALSE
"1282797",1,FALSE,TRUE,FALSE,FALSE,FALSE
"1457550",1,FALSE,TRUE,FALSE,FALSE,FALSE
"1393636",1,FALSE,TRUE,FALSE,FALSE,FALSE
"1450761",1,FALSE,TRUE,FALSE,FALSE,FALSE
"1393635",1,FALSE,TRUE,FALSE,FALSE,FALSE
"1363208",1,FALSE,TRUE,FALSE,FALSE,FALSE
"1450820",2,FALSE,TRUE,FALSE,FALSE,FALSE
"1031089",2,FALSE,TRUE,FALSE,FALSE,FALSE
"1302403",2,FALSE,TRUE,FALSE,FALSE,FALSE
"1452276",2,FALSE,TRUE,FALSE,FALSE,FALSE
"1255069",2,FALSE,FALSE,FALSE,FALSE,TRUE
"1043769",2,FALSE,TRUE,FALSE,FALSE,FALSE
"1012312",2,FALSE,TRUE,FALSE,FALSE,FALSE
"1011327",2,FALSE,TRUE,FALSE,FALSE,FALSE
"1007720",2,FALSE,TRUE,FALSE,FALSE,FALSE
"1011621",2,FALSE,TRUE,FALSE,FALSE,FALSE
"1385574",2,FALSE,TRUE,FALSE,FALSE,FALSE
"1029026",2,FALSE,TRUE,FALSE,FALSE,FALSE
"1446977",2,FALSE,TRUE,FALSE,FALSE,FALSE
"1018412",2,FALSE,TRUE,FALSE,FALSE,FALSE
"1412248",2,FALSE,TRUE,FALSE,FALSE,FALSE
"1448311",2,FALSE,TRUE,FALSE,FALSE,FALSE
"1008339",2,FALSE,TRUE,FALSE,FALSE,FALSE
"1482803",2,FALSE,TRUE,FALSE,FALSE,FALSE
"1488768",2,FALSE,TRUE,FALSE,FALSE,FALSE
"1448578",2,FALSE,TRUE,FALSE,FALSE,FALSE
"1484678",2,FALSE,FALSE,FALSE,FALSE,TRUE
"1421884",2,FALSE,TRUE,FALSE,FALSE,FALSE
"1471074",2,FALSE,TRUE,FALSE,FALSE,FALSE
"1410966",2,FALSE,FALSE,FALSE,FALSE,TRUE
"1463224",2,FALSE,TRUE,FALSE,FALSE,FALSE
"1377313",2,FALSE,TRUE,FALSE,FALSE,FALSE
"1401119",2,FALSE,TRUE,FALSE,FALSE,FALSE
"1449477",2,FALSE,TRUE,FALSE,FALSE,FALSE
"1233722",2,FALSE,TRUE,FALSE,FALSE,FALSE
"1349650",2,FALSE,TRUE,FALSE,FALSE,FALSE
"1226530",2,FALSE,TRUE,FALSE,FALSE,FALSE
"1057363",2,FALSE,TRUE,FALSE,FALSE,FALSE
"1466271",2,FALSE,TRUE,FALSE,FALSE,FALSE
"1256042",2,FALSE,TRUE,FALSE,FALSE,FALSE
"1073792",2,FALSE,TRUE,FALSE,FALSE,FALSE
"1067126",2,FALSE,TRUE,FALSE,FALSE,FALSE
"1258461",2,FALSE,TRUE,FALSE,FALSE,FALSE
"1434521",2,FALSE,TRUE,FALSE,FALSE,FALSE
"1281019",2,FALSE,TRUE,FALSE,FALSE,FALSE
"1018955",2,FALSE,TRUE,FALSE,FALSE,FALSE
"1064977",2,FALSE,TRUE,FALSE,FALSE,FALSE
"1448626",2,FALSE,TRUE,TRUE,FALSE,FALSE
"1369752",2,FALSE,TRUE,FALSE,FALSE,FALSE
"1457857",2,FALSE,TRUE,FALSE,FALSE,FALSE
"1398000",2,FALSE,TRUE,FALSE,FALSE,FALSE
"1267012",2,FALSE,TRUE,FALSE,FALSE,FALSE
"1018964",2,FALSE,TRUE,FALSE,FALSE,FALSE
"1282058",2,FALSE,TRUE,FALSE,FALSE,FALSE
"1333867",2,FALSE,TRUE,FALSE,FALSE,FALSE
"1265524",2,FALSE,TRUE,FALSE,FALSE,FALSE
"1314805",2,FALSE,TRUE,FALSE,FALSE,FALSE
"1417140",2,FALSE,TRUE,FALSE,FALSE,FALSE
"1449329",2,FALSE,TRUE,FALSE,FALSE,FALSE
"1056124",2,FALSE,TRUE,FALSE,FALSE,FALSE
"1479257",2,FALSE,TRUE,FALSE,FALSE,FALSE
"1445325",2,FALSE,TRUE,TRUE,FALSE,FALSE
"1462395",2,FALSE,TRUE,FALSE,FALSE,FALSE
"1417133",2,FALSE,TRUE,FALSE,FALSE,FALSE
"1363198",2,FALSE,TRUE,FALSE,FALSE,FALSE
"1469109",2,FALSE,TRUE,FALSE,FALSE,FALSE
"1446271",2,FALSE,TRUE,FALSE,FALSE,FALSE
"1471258",2,FALSE,TRUE,FALSE,FALSE,FALSE
"1479464",2,FALSE,TRUE,TRUE,FALSE,FALSE
"1018496",2,FALSE,TRUE,FALSE,FALSE,FALSE
"1223277",2,FALSE,TRUE,FALSE,FALSE,FALSE
"1071446",2,FALSE,TRUE,FALSE,FALSE,FALSE
"1303833",2,FALSE,TRUE,FALSE,FALSE,FALSE
"1265977",2,FALSE,TRUE,FALSE,FALSE,FALSE
"1306048",2,FALSE,TRUE,FALSE,FALSE,FALSE
"1073650",2,FALSE,TRUE,FALSE,FALSE,FALSE
"1479867",2,FALSE,TRUE,FALSE,FALSE,FALSE
"1274758",2,FALSE,TRUE,FALSE,FALSE,FALSE
"1433277",2,FALSE,TRUE,FALSE,FALSE,FALSE
"1034124",2,FALSE,TRUE,FALSE,FALSE,FALSE
"1481559",2,FALSE,TRUE,FALSE,FALSE,FALSE
"1043345",2,FALSE,TRUE,FALSE,FALSE,FALSE
"1421327",2,FALSE,TRUE,FALSE,FALSE,FALSE
"1018473",2,FALSE,TRUE,FALSE,FALSE,FALSE
"1039029",2,FALSE,TRUE,FALSE,FALSE,FALSE
"1021730",2,FALSE,TRUE,FALSE,FALSE,FALSE
"1354904",2,FALSE,TRUE,FALSE,FALSE,FALSE
"1461257",2,FALSE,TRUE,FALSE,FALSE,FALSE
"1039375",2,FALSE,TRUE,FALSE,FALSE,FALSE
"1458772",2,FALSE,TRUE,FALSE,FALSE,FALSE
"1488039",2,FALSE,TRUE,FALSE,FALSE,FALSE
"1299840",2,FALSE,TRUE,FALSE,FALSE,FALSE
"1319222",2,FALSE,TRUE,FALSE,FALSE,FALSE
"1065182",2,FALSE,TRUE,FALSE,FALSE,FALSE
"1421550",2,FALSE,TRUE,FALSE,FALSE,FALSE
"1487507",2,FALSE,TRUE,FALSE,FALSE,FALSE
"1485027",2,FALSE,TRUE,FALSE,FALSE,FALSE
"1488418",2,FALSE,TRUE,FALSE,FALSE,FALSE
"1040545",2,FALSE,TRUE,FALSE,FALSE,FALSE
"1385421",2,FALSE,TRUE,FALSE,FALSE,FALSE
"1025165",2,FALSE,TRUE,FALSE,FALSE,FALSE
"1327642",2,FALSE,TRUE,FALSE,FALSE,FALSE
"1332378",2,FALSE,TRUE,FALSE,FALSE,FALSE
"1326620",2,FALSE,TRUE,FALSE,FALSE,FALSE
"1460720",2,FALSE,TRUE,FALSE,FALSE,FALSE
"1041831",2,FALSE,TRUE,FALSE,FALSE,FALSE
"1039598",2,FALSE,TRUE,FALSE,FALSE,FALSE
"1070781",2,FALSE,TRUE,FALSE,FALSE,FALSE
"1076050",2,FALSE,TRUE,FALSE,FALSE,FALSE
"1018954",2,FALSE,TRUE,FALSE,FALSE,FALSE
"1040377",2,FALSE,TRUE,FALSE,FALSE,FALSE
"1222119",2,FALSE,TRUE,FALSE,FALSE,FALSE
"1047491",2,FALSE,TRUE,FALSE,FALSE,FALSE
"1067533",2,FALSE,TRUE,FALSE,FALSE,FALSE
"1059236",2,FALSE,TRUE,FALSE,FALSE,FALSE
"1019977",2,FALSE,TRUE,FALSE,FALSE,FALSE
"1031061",2,FALSE,TRUE,FALSE,FALSE,FALSE
"1021644",2,FALSE,TRUE,FALSE,FALSE,FALSE
"1296948",2,FALSE,TRUE,FALSE,FALSE,FALSE
"1072506",2,FALSE,TRUE,FALSE,FALSE,FALSE
"1047153",2,FALSE,TRUE,FALSE,FALSE,FALSE
"1047683",2,FALSE,TRUE,FALSE,FALSE,FALSE
"1250157",2,FALSE,TRUE,TRUE,FALSE,FALSE
"1406838",2,FALSE,TRUE,TRUE,FALSE,FALSE
"1018640",2,FALSE,TRUE,FALSE,FALSE,FALSE
"1049558",2,FALSE,TRUE,FALSE,FALSE,FALSE
"1273532",2,FALSE,TRUE,FALSE,FALSE,FALSE
"1020403",2,FALSE,TRUE,FALSE,FALSE,FALSE
"1297708",2,FALSE,TRUE,FALSE,FALSE,FALSE
"1018750",2,FALSE,TRUE,FALSE,FALSE,FALSE
"1459023",2,FALSE,TRUE,FALSE,FALSE,FALSE
"1478478",2,FALSE,TRUE,FALSE,FALSE,FALSE
"1241349",2,FALSE,TRUE,FALSE,FALSE,FALSE
"1041970",2,FALSE,TRUE,FALSE,FALSE,FALSE
"1018820",2,FALSE,TRUE,FALSE,FALSE,FALSE
"1067211",2,FALSE,TRUE,FALSE,FALSE,FALSE
"1450224",2,FALSE,TRUE,FALSE,FALSE,FALSE
"1022953",2,FALSE,TRUE,FALSE,FALSE,FALSE
"1398390",2,FALSE,TRUE,FALSE,FALSE,FALSE
"1309647",2,FALSE,TRUE,FALSE,FALSE,FALSE
"1056662",2,FALSE,TRUE,FALSE,FALSE,FALSE
"1056178",2,FALSE,TRUE,FALSE,FALSE,FALSE
"1356720",2,FALSE,TRUE,FALSE,FALSE,FALSE
"1020015",2,FALSE,TRUE,FALSE,FALSE,FALSE
"1233793",2,FALSE,TRUE,FALSE,FALSE,FALSE
"1480805",2,FALSE,TRUE,FALSE,FALSE,FALSE
"1378642",2,FALSE,TRUE,FALSE,FALSE,FALSE
"1018460",2,FALSE,TRUE,TRUE,FALSE,FALSE
"1342714",2,FALSE,TRUE,FALSE,FALSE,FALSE
"1298154",2,FALSE,TRUE,FALSE,FALSE,FALSE
"1316497",2,FALSE,TRUE,FALSE,FALSE,FALSE
"1315755",2,FALSE,TRUE,FALSE,FALSE,FALSE
"1344050",2,FALSE,TRUE,FALSE,FALSE,FALSE
"1327112",2,FALSE,TRUE,FALSE,FALSE,FALSE
"1060411",2,FALSE,TRUE,FALSE,FALSE,FALSE
"1255226",2,FALSE,TRUE,FALSE,FALSE,FALSE
"1343845",2,FALSE,TRUE,FALSE,FALSE,FALSE
"1286381",2,FALSE,TRUE,FALSE,FALSE,FALSE
"1265580",2,FALSE,TRUE,FALSE,FALSE,FALSE
"1242839",2,FALSE,TRUE,FALSE,FALSE,FALSE
"1292770",2,FALSE,TRUE,FALSE,FALSE,FALSE
"1018862",2,FALSE,TRUE,FALSE,FALSE,FALSE
"1304081",2,FALSE,TRUE,FALSE,FALSE,FALSE
"1413554",2,FALSE,TRUE,FALSE,FALSE,FALSE
"1467522",2,FALSE,TRUE,FALSE,FALSE,FALSE
"1063780",2,FALSE,TRUE,FALSE,FALSE,FALSE
"1300694",2,FALSE,TRUE,FALSE,FALSE,FALSE
"1449540",2,FALSE,TRUE,FALSE,FALSE,FALSE
"1373632",2,FALSE,TRUE,FALSE,FALSE,FALSE
"1034862",2,FALSE,TRUE,FALSE,FALSE,FALSE
"1436380",2,FALSE,TRUE,FALSE,FALSE,FALSE
"1059602",2,FALSE,TRUE,FALSE,FALSE,FALSE
"1410185",2,FALSE,TRUE,FALSE,FALSE,FALSE
"1066281",2,FALSE,TRUE,FALSE,FALSE,FALSE
"1029253",2,FALSE,TRUE,FALSE,FALSE,FALSE
"1343340",2,FALSE,TRUE,FALSE,FALSE,FALSE
"1281049",2,FALSE,TRUE,FALSE,FALSE,FALSE
"1018697",2,FALSE,TRUE,FALSE,FALSE,FALSE
"1021883",2,FALSE,TRUE,FALSE,FALSE,FALSE
"1465611",2,FALSE,TRUE,FALSE,FALSE,FALSE
"1021721",2,FALSE,TRUE,FALSE,FALSE,FALSE
"1299236",2,FALSE,TRUE,FALSE,FALSE,FALSE
"1055717",2,FALSE,TRUE,FALSE,FALSE,FALSE
"1414164",2,FALSE,TRUE,FALSE,FALSE,FALSE
"1029699",2,FALSE,TRUE,FALSE,FALSE,FALSE
"1018938",2,FALSE,TRUE,FALSE,FALSE,FALSE
"1022589",2,FALSE,TRUE,FALSE,FALSE,FALSE
"1049814",2,FALSE,TRUE,FALSE,FALSE,FALSE
"1432932",2,FALSE,TRUE,FALSE,FALSE,FALSE
"1222327",2,FALSE,TRUE,FALSE,FALSE,FALSE
"1047526",2,FALSE,TRUE,FALSE,FALSE,FALSE
"1237416",2,FALSE,TRUE,FALSE,FALSE,FALSE
"1469747",2,FALSE,TRUE,FALSE,FALSE,FALSE
"1018337",2,FALSE,TRUE,FALSE,FALSE,FALSE
"1019158",2,FALSE,TRUE,FALSE,FALSE,FALSE
"1473319",2,FALSE,TRUE,FALSE,FALSE,FALSE
"1470143",2,FALSE,TRUE,FALSE,FALSE,FALSE
"1408092",2,FALSE,TRUE,FALSE,FALSE,FALSE
"1401816",2,FALSE,TRUE,FALSE,FALSE,FALSE
"1478869",2,FALSE,TRUE,FALSE,FALSE,FALSE
"1047637",2,FALSE,TRUE,FALSE,FALSE,FALSE
"1466592",2,FALSE,TRUE,FALSE,FALSE,FALSE
"1022011",2,FALSE,TRUE,FALSE,FALSE,FALSE
"1331855",2,FALSE,TRUE,FALSE,FALSE,FALSE
"1351228",2,FALSE,TRUE,FALSE,FALSE,FALSE
"1436831",2,FALSE,TRUE,FALSE,FALSE,FALSE
"1332968",2,FALSE,FALSE,FALSE,FALSE,TRUE
"1357479",2,FALSE,FALSE,FALSE,FALSE,TRUE
"1062514",2,FALSE,TRUE,FALSE,FALSE,FALSE
"1486695",2,FALSE,TRUE,FALSE,FALSE,FALSE
"1425855",2,FALSE,TRUE,FALSE,FALSE,FALSE
"1291923",2,FALSE,TRUE,TRUE,FALSE,FALSE
"1372681",2,FALSE,TRUE,FALSE,FALSE,FALSE
"1435461",2,FALSE,TRUE,FALSE,FALSE,FALSE
"1414018",2,FALSE,TRUE,FALSE,FALSE,FALSE
"1243364",2,FALSE,TRUE,FALSE,FALSE,FALSE
"1072806",2,FALSE,TRUE,FALSE,FALSE,FALSE
"1367548",2,FALSE,TRUE,FALSE,FALSE,FALSE
"1328933",2,FALSE,TRUE,FALSE,FALSE,FALSE
"1280724",2,FALSE,TRUE,FALSE,FALSE,FALSE
"1282464",2,FALSE,TRUE,TRUE,FALSE,FALSE
"1483764",2,FALSE,TRUE,FALSE,FALSE,FALSE
"1344205",2,FALSE,TRUE,FALSE,FALSE,FALSE
"1413452",2,FALSE,TRUE,FALSE,FALSE,FALSE
"1386229",2,FALSE,TRUE,FALSE,FALSE,FALSE
"1430404",2,FALSE,TRUE,FALSE,FALSE,FALSE
"1045895",2,FALSE,TRUE,FALSE,FALSE,FALSE
"1392191",2,FALSE,TRUE,FALSE,FALSE,FALSE
"1357909",2,FALSE,TRUE,FALSE,FALSE,FALSE
"1404127",2,FALSE,TRUE,FALSE,FALSE,FALSE
"1417295",2,FALSE,TRUE,FALSE,FALSE,FALSE
"1403644",2,FALSE,TRUE,FALSE,FALSE,FALSE
"1467784",2,FALSE,TRUE,FALSE,FALSE,FALSE
"1025322",2,FALSE,TRUE,FALSE,FALSE,FALSE
"1338455",2,FALSE,TRUE,FALSE,FALSE,FALSE
"1437334",2,FALSE,TRUE,FALSE,FALSE,FALSE
"1458522",2,FALSE,TRUE,FALSE,FALSE,FALSE
"1467883",2,FALSE,TRUE,FALSE,FALSE,FALSE
"1467830",2,FALSE,TRUE,FALSE,FALSE,FALSE
"1445566",2,FALSE,TRUE,FALSE,FALSE,FALSE
"1466773",2,FALSE,TRUE,FALSE,FALSE,FALSE
"1367567",2,FALSE,TRUE,FALSE,FALSE,FALSE
"1455473",2,FALSE,TRUE,FALSE,FALSE,FALSE
"1476038",2,FALSE,TRUE,FALSE,FALSE,FALSE
"1332307",2,FALSE,TRUE,FALSE,FALSE,FALSE
"1385796",2,FALSE,TRUE,FALSE,FALSE,FALSE
"1308176",2,FALSE,TRUE,FALSE,FALSE,FALSE
"1391310",2,FALSE,TRUE,FALSE,FALSE,FALSE
"1453695",2,FALSE,TRUE,FALSE,FALSE,FALSE
"1475760",2,FALSE,TRUE,FALSE,FALSE,FALSE
"1451423",2,FALSE,TRUE,FALSE,FALSE,FALSE
"1338362",2,FALSE,TRUE,FALSE,FALSE,FALSE
"1461025",2,FALSE,TRUE,FALSE,FALSE,FALSE
"1453827",2,FALSE,TRUE,FALSE,FALSE,FALSE
"1482711",2,FALSE,TRUE,FALSE,FALSE,FALSE
"1405290",2,FALSE,TRUE,FALSE,FALSE,FALSE
"1482227",2,FALSE,TRUE,FALSE,FALSE,FALSE
"1479469",2,FALSE,TRUE,FALSE,FALSE,FALSE
"1245961",2,FALSE,TRUE,FALSE,FALSE,FALSE
"1296947",2,FALSE,TRUE,FALSE,FALSE,FALSE
"1463844",2,FALSE,TRUE,FALSE,FALSE,FALSE
"1483976",2,FALSE,TRUE,FALSE,FALSE,FALSE
"1463427",2,FALSE,TRUE,FALSE,FALSE,FALSE
"1358788",2,FALSE,TRUE,FALSE,FALSE,FALSE
"1025597",2,FALSE,TRUE,FALSE,FALSE,FALSE
"1388166",2,FALSE,TRUE,FALSE,FALSE,FALSE
"1471593",2,FALSE,TRUE,FALSE,FALSE,FALSE
"1075652",2,FALSE,TRUE,FALSE,FALSE,FALSE
"1298012",2,FALSE,TRUE,FALSE,FALSE,FALSE
"1282378",2,FALSE,TRUE,FALSE,FALSE,FALSE
"1412516",2,FALSE,TRUE,FALSE,FALSE,FALSE
"1021464",2,FALSE,TRUE,FALSE,FALSE,FALSE
"1268785",2,FALSE,TRUE,FALSE,FALSE,FALSE
"1018785",2,FALSE,TRUE,FALSE,FALSE,FALSE
"1327739",2,FALSE,TRUE,FALSE,FALSE,FALSE
"1480837",2,FALSE,TRUE,FALSE,FALSE,FALSE
"1035426",2,FALSE,TRUE,FALSE,FALSE,FALSE
"1029976",2,FALSE,TRUE,FALSE,FALSE,FALSE
"1028509",2,FALSE,TRUE,FALSE,FALSE,FALSE
"1047527",2,FALSE,TRUE,FALSE,FALSE,FALSE
"1048794",2,FALSE,TRUE,FALSE,FALSE,FALSE
"1482358",2,FALSE,TRUE,FALSE,FALSE,FALSE
"1018815",2,FALSE,TRUE,FALSE,FALSE,FALSE
"1357198",2,FALSE,TRUE,TRUE,FALSE,FALSE
"1031988",2,FALSE,TRUE,FALSE,FALSE,FALSE
"1442514",2,FALSE,TRUE,FALSE,FALSE,FALSE
"1022714",2,FALSE,TRUE,FALSE,FALSE,FALSE
"1022794",2,FALSE,TRUE,FALSE,FALSE,FALSE
"1075910",2,FALSE,TRUE,FALSE,FALSE,FALSE
"1034642",2,FALSE,TRUE,FALSE,FALSE,FALSE
"1038440",2,FALSE,TRUE,FALSE,FALSE,FALSE
"1039258",2,FALSE,TRUE,FALSE,FALSE,FALSE
"1249402",2,FALSE,TRUE,FALSE,FALSE,FALSE
"1045888",2,FALSE,TRUE,FALSE,FALSE,FALSE
"1416673",2,FALSE,TRUE,FALSE,FALSE,FALSE
"1064197",2,FALSE,TRUE,FALSE,FALSE,FALSE
"1021736",2,FALSE,TRUE,FALSE,FALSE,FALSE
"1067843",2,FALSE,TRUE,FALSE,FALSE,FALSE
"1258616",2,FALSE,TRUE,FALSE,FALSE,FALSE
"1334557",2,FALSE,TRUE,FALSE,FALSE,FALSE
"1442900",2,FALSE,TRUE,FALSE,FALSE,FALSE
"1024768",2,FALSE,TRUE,FALSE,FALSE,FALSE
"1035164",2,FALSE,TRUE,FALSE,FALSE,FALSE
"1021698",2,FALSE,TRUE,FALSE,FALSE,FALSE
"1020192",2,FALSE,TRUE,FALSE,FALSE,FALSE
"1042187",2,FALSE,TRUE,FALSE,FALSE,FALSE
"1437185",2,FALSE,TRUE,FALSE,FALSE,FALSE
"1349036",2,FALSE,TRUE,FALSE,FALSE,FALSE
"1468676",2,FALSE,TRUE,FALSE,FALSE,FALSE
"1468673",2,FALSE,TRUE,FALSE,FALSE,FALSE
"1468668",2,FALSE,TRUE,FALSE,FALSE,FALSE
"1427579",2,FALSE,TRUE,FALSE,FALSE,FALSE
"1392154",2,FALSE,TRUE,FALSE,FALSE,FALSE
"1025148",2,FALSE,TRUE,FALSE,FALSE,FALSE
"1445004",2,FALSE,FALSE,FALSE,TRUE,FALSE
"1051285",2,FALSE,TRUE,FALSE,FALSE,FALSE
"1362654",2,FALSE,TRUE,FALSE,FALSE,FALSE
"1451522",2,FALSE,TRUE,FALSE,FALSE,FALSE
"1441982",2,FALSE,TRUE,FALSE,FALSE,FALSE
"1388542",2,FALSE,TRUE,FALSE,FALSE,FALSE
"1308850",2,FALSE,TRUE,FALSE,FALSE,FALSE
"1477651",2,FALSE,TRUE,FALSE,FALSE,FALSE
"1382475",2,FALSE,TRUE,FALSE,FALSE,FALSE
"1382652",2,FALSE,TRUE,FALSE,FALSE,FALSE
"1407713",2,FALSE,TRUE,FALSE,FALSE,FALSE
"1379150",2,FALSE,TRUE,FALSE,FALSE,FALSE
"1234373",2,FALSE,TRUE,FALSE,FALSE,FALSE
"1034620",2,FALSE,TRUE,FALSE,FALSE,FALSE
"1072551",2,FALSE,TRUE,FALSE,FALSE,FALSE
"1314447",2,FALSE,TRUE,FALSE,FALSE,FALSE
"1481829",2,FALSE,FALSE,FALSE,FALSE,TRUE
"1026564",2,FALSE,TRUE,FALSE,FALSE,FALSE
"1266189",2,FALSE,TRUE,FALSE,FALSE,FALSE
"1475455",2,FALSE,TRUE,FALSE,FALSE,FALSE
"1275549",2,FALSE,TRUE,FALSE,FALSE,FALSE
"1422517",2,FALSE,TRUE,FALSE,FALSE,FALSE
"1030692",2,FALSE,TRUE,FALSE,FALSE,FALSE
"1021618",2,FALSE,TRUE,FALSE,FALSE,FALSE
"1469932",2,FALSE,TRUE,FALSE,FALSE,FALSE
"1252379",2,FALSE,TRUE,TRUE,FALSE,FALSE
"1021706",2,FALSE,TRUE,TRUE,FALSE,FALSE
"1465979",2,FALSE,TRUE,FALSE,FALSE,FALSE
"1058621",2,FALSE,FALSE,FALSE,FALSE,TRUE
"1047646",2,FALSE,TRUE,FALSE,FALSE,FALSE
"1268631",2,FALSE,TRUE,FALSE,FALSE,FALSE
"1481606",2,FALSE,TRUE,FALSE,FALSE,FALSE
"1462575",2,FALSE,TRUE,FALSE,FALSE,FALSE
"1021800",2,FALSE,TRUE,FALSE,FALSE,FALSE
"1043457",2,FALSE,TRUE,FALSE,FALSE,FALSE
"1484102",2,FALSE,FALSE,FALSE,FALSE,TRUE
"1075360",2,FALSE,TRUE,FALSE,FALSE,FALSE
"1396710",2,FALSE,TRUE,FALSE,FALSE,FALSE
"1337192",2,FALSE,FALSE,FALSE,FALSE,TRUE
"1043772",2,FALSE,TRUE,FALSE,FALSE,FALSE
"1470266",2,FALSE,TRUE,FALSE,FALSE,FALSE
"1048548",2,FALSE,TRUE,TRUE,FALSE,FALSE
"1073241",2,FALSE,TRUE,FALSE,FALSE,FALSE
"1467142",2,FALSE,TRUE,FALSE,FALSE,FALSE
"1466775",2,FALSE,TRUE,FALSE,FALSE,FALSE
"1435087",2,FALSE,TRUE,FALSE,FALSE,FALSE
"1232371",2,FALSE,TRUE,FALSE,FALSE,FALSE
"1251912",2,FALSE,TRUE,FALSE,FALSE,FALSE
"1456661",2,FALSE,TRUE,FALSE,FALSE,FALSE
"1018867",2,FALSE,TRUE,FALSE,FALSE,FALSE
"1065432",2,FALSE,TRUE,FALSE,FALSE,FALSE
"1047468",2,FALSE,TRUE,FALSE,FALSE,FALSE
"1047878",2,FALSE,TRUE,FALSE,FALSE,FALSE
"1410008",2,FALSE,TRUE,FALSE,FALSE,FALSE
"1053654",2,FALSE,TRUE,FALSE,FALSE,FALSE
"1044790",2,FALSE,TRUE,FALSE,FALSE,FALSE
"1034351",2,FALSE,TRUE,FALSE,FALSE,FALSE
"1047853",2,FALSE,TRUE,FALSE,FALSE,FALSE
"1414539",2,FALSE,TRUE,FALSE,FALSE,FALSE
"1296994",2,FALSE,TRUE,FALSE,FALSE,FALSE
"1302490",2,FALSE,TRUE,FALSE,FALSE,FALSE
"1073398",2,FALSE,TRUE,FALSE,FALSE,FALSE
"1047877",2,FALSE,TRUE,FALSE,FALSE,FALSE
"1059761",2,FALSE,TRUE,TRUE,FALSE,FALSE
"1294628",2,FALSE,TRUE,FALSE,FALSE,FALSE
"1471190",2,FALSE,TRUE,FALSE,FALSE,FALSE
"1421694",2,FALSE,TRUE,FALSE,FALSE,FALSE
"1476074",2,FALSE,TRUE,FALSE,FALSE,FALSE
"1472079",2,FALSE,TRUE,FALSE,FALSE,FALSE
"1470550",2,FALSE,TRUE,FALSE,FALSE,FALSE
"1485378",2,FALSE,TRUE,FALSE,FALSE,FALSE
"1302661",2,FALSE,TRUE,FALSE,FALSE,FALSE
"1476108",2,FALSE,TRUE,FALSE,FALSE,FALSE
"1486581",2,FALSE,TRUE,FALSE,FALSE,FALSE
"1471702",2,FALSE,TRUE,FALSE,FALSE,FALSE
"1472064",2,FALSE,TRUE,FALSE,FALSE,FALSE
"1463355",2,FALSE,TRUE,FALSE,FALSE,FALSE
"1073147",2,FALSE,TRUE,FALSE,FALSE,FALSE
"1433436",2,FALSE,TRUE,FALSE,FALSE,FALSE
"1482084",2,FALSE,TRUE,FALSE,FALSE,FALSE
"1069854",2,FALSE,TRUE,FALSE,FALSE,FALSE
"1048979",2,FALSE,TRUE,FALSE,FALSE,FALSE
"1383372",2,FALSE,TRUE,FALSE,FALSE,FALSE
"1463832",2,FALSE,TRUE,FALSE,FALSE,FALSE
"1442994",2,FALSE,TRUE,FALSE,FALSE,FALSE
"1076444",2,FALSE,TRUE,FALSE,FALSE,FALSE
"1487286",2,FALSE,TRUE,FALSE,FALSE,FALSE
"1047370",2,FALSE,TRUE,FALSE,FALSE,FALSE
"1490368",2,FALSE,TRUE,FALSE,FALSE,FALSE
"1485633",2,FALSE,TRUE,FALSE,FALSE,FALSE
"1466331",2,FALSE,TRUE,FALSE,FALSE,FALSE
"1036765",2,FALSE,TRUE,FALSE,FALSE,FALSE
"1468481",2,FALSE,TRUE,FALSE,FALSE,FALSE
"1463425",2,FALSE,TRUE,FALSE,FALSE,FALSE
"1485666",2,FALSE,TRUE,FALSE,FALSE,FALSE
"1465492",2,FALSE,TRUE,FALSE,FALSE,FALSE
"1069777",3,FALSE,TRUE,FALSE,FALSE,FALSE
"1365806",3,FALSE,TRUE,FALSE,FALSE,FALSE
"1019718",3,FALSE,TRUE,FALSE,FALSE,FALSE
"1420287",3,FALSE,TRUE,FALSE,FALSE,FALSE
"1469035",3,FALSE,TRUE,FALSE,FALSE,FALSE
"1479527",3,FALSE,TRUE,FALSE,FALSE,FALSE
"1476300",3,FALSE,TRUE,FALSE,FALSE,FALSE
"1018556",3,FALSE,TRUE,TRUE,FALSE,FALSE
"1482266",3,FALSE,TRUE,FALSE,FALSE,FALSE
"1048450",3,FALSE,TRUE,FALSE,FALSE,FALSE
"1045835",3,FALSE,TRUE,TRUE,FALSE,FALSE
"1347886",3,FALSE,TRUE,FALSE,FALSE,FALSE
"1474718",3,FALSE,TRUE,TRUE,FALSE,FALSE
"1448772",3,FALSE,FALSE,FALSE,FALSE,TRUE
"1233721",3,FALSE,TRUE,FALSE,FALSE,FALSE
"1310888",3,FALSE,TRUE,FALSE,FALSE,FALSE
"1019126",3,FALSE,TRUE,TRUE,FALSE,FALSE
"1395159",3,FALSE,TRUE,FALSE,FALSE,FALSE
"1442154",3,FALSE,TRUE,FALSE,FALSE,FALSE
"1477312",3,FALSE,FALSE,FALSE,TRUE,FALSE
"1462391",3,FALSE,TRUE,FALSE,FALSE,FALSE
"1287846",3,FALSE,TRUE,TRUE,FALSE,FALSE
"1457026",3,FALSE,TRUE,FALSE,FALSE,FALSE
"1476993",3,FALSE,TRUE,FALSE,FALSE,FALSE
"1297707",3,FALSE,TRUE,FALSE,FALSE,FALSE
"1413944",3,FALSE,TRUE,FALSE,FALSE,FALSE
"1252582",3,FALSE,TRUE,FALSE,FALSE,FALSE
"1466127",3,FALSE,TRUE,FALSE,FALSE,FALSE
"1411428",3,FALSE,TRUE,FALSE,FALSE,FALSE
"1412628",3,FALSE,TRUE,FALSE,FALSE,FALSE
"1300663",3,FALSE,TRUE,FALSE,FALSE,FALSE
"1461314",3,FALSE,TRUE,TRUE,FALSE,FALSE
"1051550",3,FALSE,TRUE,FALSE,FALSE,FALSE
"1019917",3,FALSE,TRUE,FALSE,FALSE,FALSE
"1049296",3,FALSE,TRUE,FALSE,FALSE,FALSE
"1239870",3,FALSE,TRUE,FALSE,FALSE,FALSE
"1029893",3,FALSE,TRUE,FALSE,FALSE,FALSE
"1445347",3,FALSE,TRUE,FALSE,FALSE,FALSE
"1417047",3,FALSE,TRUE,FALSE,FALSE,FALSE
"1469821",3,FALSE,TRUE,FALSE,FALSE,FALSE
"1018869",3,FALSE,TRUE,FALSE,FALSE,FALSE
"1480233",3,FALSE,TRUE,FALSE,FALSE,FALSE
"1480679",3,FALSE,TRUE,FALSE,FALSE,FALSE
"1476175",3,FALSE,TRUE,FALSE,FALSE,FALSE
"1485330",3,FALSE,TRUE,FALSE,FALSE,FALSE
"1482450",3,FALSE,TRUE,FALSE,FALSE,FALSE
"1489495",3,FALSE,TRUE,FALSE,FALSE,FALSE
"1042076",3,FALSE,TRUE,FALSE,FALSE,FALSE
"1035796",3,FALSE,TRUE,FALSE,FALSE,FALSE
"1483564",3,FALSE,TRUE,FALSE,FALSE,FALSE
"1019000",3,FALSE,TRUE,FALSE,FALSE,FALSE
"1491835",3,FALSE,TRUE,FALSE,FALSE,FALSE
"1491604",3,FALSE,TRUE,FALSE,FALSE,FALSE
"1489499",3,FALSE,TRUE,FALSE,FALSE,FALSE
"1477692",3,FALSE,TRUE,FALSE,FALSE,FALSE
"1480038",3,FALSE,TRUE,FALSE,FALSE,FALSE
"1384902",3,FALSE,TRUE,FALSE,FALSE,FALSE
"1490117",3,FALSE,TRUE,FALSE,FALSE,FALSE
"1490463",3,FALSE,TRUE,FALSE,FALSE,FALSE
"1453853",3,FALSE,TRUE,FALSE,FALSE,FALSE
"1458503",3,FALSE,TRUE,FALSE,FALSE,FALSE
"1439483",3,FALSE,TRUE,FALSE,FALSE,FALSE
"1464400",3,FALSE,TRUE,FALSE,FALSE,FALSE
"1429438",3,FALSE,TRUE,FALSE,FALSE,FALSE
"1462228",3,FALSE,TRUE,FALSE,FALSE,FALSE
"1474197",3,FALSE,TRUE,FALSE,FALSE,FALSE
"1274157",3,FALSE,TRUE,FALSE,FALSE,FALSE
"1281772",3,FALSE,TRUE,FALSE,FALSE,FALSE
"1347482",3,FALSE,TRUE,FALSE,FALSE,FALSE
"1035687",3,FALSE,TRUE,FALSE,FALSE,FALSE
"1073618",3,FALSE,TRUE,FALSE,FALSE,FALSE
"1221322",3,FALSE,TRUE,FALSE,FALSE,FALSE
"1335312",3,FALSE,TRUE,FALSE,FALSE,FALSE
"1067293",3,FALSE,TRUE,FALSE,FALSE,FALSE
"1034330",3,FALSE,TRUE,FALSE,FALSE,FALSE
"1475739",3,FALSE,TRUE,FALSE,FALSE,FALSE
"1277670",3,FALSE,TRUE,FALSE,FALSE,FALSE
"1062246",3,FALSE,TRUE,FALSE,FALSE,FALSE
"1323167",3,FALSE,TRUE,FALSE,FALSE,FALSE
"1018866",3,FALSE,TRUE,TRUE,FALSE,FALSE
"1318985",3,FALSE,TRUE,FALSE,FALSE,FALSE
"1483296",3,FALSE,TRUE,FALSE,FALSE,FALSE
"1427634",3,FALSE,TRUE,FALSE,FALSE,FALSE
"1249833",3,FALSE,TRUE,FALSE,FALSE,FALSE
"1359356",3,FALSE,TRUE,FALSE,FALSE,FALSE
"1042837",3,FALSE,TRUE,FALSE,FALSE,FALSE
"1029748",3,FALSE,TRUE,FALSE,FALSE,FALSE
"1313474",3,FALSE,TRUE,FALSE,FALSE,FALSE
"1048803",3,FALSE,TRUE,FALSE,FALSE,FALSE
"1048801",3,FALSE,TRUE,FALSE,FALSE,FALSE
"1047760",3,FALSE,TRUE,FALSE,FALSE,FALSE
"1244975",3,FALSE,TRUE,FALSE,FALSE,FALSE
"1433465",3,FALSE,TRUE,FALSE,FALSE,FALSE
"1291884",3,FALSE,TRUE,FALSE,FALSE,FALSE
"1065909",3,FALSE,TRUE,FALSE,FALSE,FALSE
"1483814",3,FALSE,TRUE,FALSE,FALSE,FALSE
"1340101",3,FALSE,TRUE,FALSE,FALSE,FALSE
"1220069",3,FALSE,TRUE,FALSE,FALSE,FALSE
"1343062",3,FALSE,TRUE,FALSE,FALSE,FALSE
"1469394",3,FALSE,TRUE,FALSE,FALSE,FALSE
"1451524",3,FALSE,TRUE,FALSE,FALSE,FALSE
"1356355",3,FALSE,TRUE,FALSE,FALSE,FALSE
"1460537",3,FALSE,TRUE,FALSE,FALSE,FALSE
"1058358",3,FALSE,TRUE,FALSE,FALSE,FALSE
"1256259",3,FALSE,TRUE,FALSE,FALSE,FALSE
"1031850",3,FALSE,TRUE,FALSE,FALSE,FALSE
"1469663",3,FALSE,TRUE,FALSE,FALSE,FALSE
"1343640",3,FALSE,TRUE,FALSE,FALSE,FALSE
"1466153",3,FALSE,TRUE,FALSE,FALSE,FALSE
"1334559",3,FALSE,TRUE,FALSE,FALSE,FALSE
"1308278",3,FALSE,TRUE,FALSE,FALSE,FALSE
"1346267",3,FALSE,TRUE,FALSE,FALSE,FALSE
"1405082",3,FALSE,TRUE,FALSE,FALSE,FALSE
"1337629",3,FALSE,TRUE,FALSE,FALSE,FALSE
"1041565",3,FALSE,TRUE,FALSE,FALSE,FALSE
"1026317",3,FALSE,TRUE,FALSE,FALSE,FALSE
"1252378",3,FALSE,TRUE,FALSE,FALSE,FALSE
"1415585",3,FALSE,TRUE,FALSE,FALSE,FALSE
"1395895",3,FALSE,TRUE,FALSE,FALSE,FALSE
"1478784",3,FALSE,TRUE,FALSE,FALSE,FALSE
"1478968",3,FALSE,TRUE,FALSE,FALSE,FALSE
"1475960",3,FALSE,TRUE,FALSE,FALSE,FALSE
"1474254",3,FALSE,TRUE,FALSE,FALSE,FALSE
"1280496",3,FALSE,TRUE,FALSE,FALSE,FALSE
"1051385",3,FALSE,TRUE,FALSE,FALSE,FALSE
"1466651",3,FALSE,FALSE,FALSE,FALSE,TRUE
"1391325",3,FALSE,TRUE,FALSE,FALSE,FALSE
"1329702",3,FALSE,FALSE,FALSE,TRUE,FALSE
"1353676",3,FALSE,TRUE,FALSE,FALSE,FALSE
"1313609",3,FALSE,TRUE,FALSE,FALSE,FALSE
"1341544",3,FALSE,TRUE,FALSE,FALSE,FALSE
"1392639",3,FALSE,TRUE,FALSE,FALSE,FALSE
"1463729",3,FALSE,TRUE,FALSE,FALSE,FALSE
"1459938",3,FALSE,TRUE,FALSE,FALSE,FALSE
"1018812",3,FALSE,TRUE,FALSE,FALSE,FALSE
"1067651",3,FALSE,TRUE,FALSE,FALSE,FALSE
"1219570",3,FALSE,TRUE,FALSE,FALSE,FALSE
"1018624",3,FALSE,TRUE,FALSE,FALSE,FALSE
"1049575",3,FALSE,TRUE,FALSE,FALSE,FALSE
"1038764",3,FALSE,TRUE,FALSE,FALSE,FALSE
"1035088",3,FALSE,TRUE,FALSE,FALSE,FALSE
"1485004",3,FALSE,TRUE,FALSE,FALSE,FALSE
"1070689",3,FALSE,TRUE,FALSE,FALSE,FALSE
"1238126",3,FALSE,TRUE,FALSE,FALSE,FALSE
"1018998",3,FALSE,TRUE,FALSE,FALSE,FALSE
"1025607",3,FALSE,TRUE,FALSE,FALSE,FALSE
"1465860",3,FALSE,TRUE,FALSE,FALSE,FALSE
"1435767",3,FALSE,TRUE,FALSE,FALSE,FALSE
"1462294",3,FALSE,TRUE,FALSE,FALSE,FALSE
"1044224",3,FALSE,TRUE,FALSE,FALSE,FALSE
"1465558",3,FALSE,TRUE,FALSE,FALSE,FALSE
"1235352",3,FALSE,TRUE,FALSE,FALSE,FALSE
"1288733",3,FALSE,TRUE,FALSE,FALSE,FALSE
"1432306",3,FALSE,TRUE,FALSE,FALSE,FALSE
"1070281",3,FALSE,TRUE,FALSE,FALSE,FALSE
"1450483",3,FALSE,TRUE,FALSE,FALSE,FALSE
"1479984",3,FALSE,TRUE,FALSE,FALSE,FALSE
"1469547",3,FALSE,TRUE,FALSE,FALSE,FALSE
"1300752",3,FALSE,TRUE,FALSE,FALSE,FALSE
"1020659",3,FALSE,TRUE,FALSE,FALSE,FALSE
"1477855",3,FALSE,TRUE,FALSE,FALSE,FALSE
"1484020",3,FALSE,TRUE,FALSE,FALSE,FALSE
"1042752",3,FALSE,TRUE,FALSE,FALSE,FALSE
"1379624",3,FALSE,TRUE,FALSE,FALSE,FALSE
"1037735",3,FALSE,TRUE,FALSE,FALSE,FALSE
"1479905",3,FALSE,TRUE,FALSE,FALSE,FALSE
"1433827",3,FALSE,TRUE,FALSE,FALSE,FALSE
"1478243",3,FALSE,FALSE,FALSE,TRUE,FALSE
"1467372",4,FALSE,TRUE,FALSE,FALSE,FALSE
"1344093",4,FALSE,TRUE,FALSE,FALSE,FALSE
"1474269",4,FALSE,TRUE,FALSE,FALSE,FALSE
"1053292",4,FALSE,TRUE,FALSE,FALSE,FALSE
"1279609",4,FALSE,TRUE,FALSE,FALSE,FALSE
"1388424",4,FALSE,TRUE,FALSE,FALSE,FALSE
"1415174",4,FALSE,TRUE,FALSE,FALSE,FALSE
"1442145",4,FALSE,TRUE,TRUE,FALSE,FALSE
"1018563",4,FALSE,TRUE,FALSE,FALSE,FALSE
"1472889",4,FALSE,TRUE,FALSE,FALSE,FALSE
"1029925",4,FALSE,TRUE,FALSE,FALSE,FALSE
"1060144",4,FALSE,TRUE,FALSE,FALSE,FALSE
"1485740",4,FALSE,TRUE,FALSE,FALSE,FALSE
"1236496",4,FALSE,TRUE,FALSE,FALSE,FALSE
"1280902",4,FALSE,TRUE,FALSE,FALSE,FALSE
"1055863",4,FALSE,TRUE,FALSE,FALSE,FALSE
"1303372",4,FALSE,TRUE,FALSE,FALSE,FALSE
"1492108",4,FALSE,TRUE,FALSE,FALSE,FALSE
"1491263",4,FALSE,TRUE,FALSE,FALSE,FALSE
"1439624",4,FALSE,TRUE,FALSE,FALSE,FALSE
"1436056",4,FALSE,TRUE,FALSE,FALSE,FALSE
"1443600",4,FALSE,FALSE,FALSE,TRUE,FALSE
"1447800",4,FALSE,TRUE,FALSE,FALSE,FALSE
"1478537",4,FALSE,FALSE,FALSE,TRUE,FALSE
"1048798",4,FALSE,TRUE,FALSE,FALSE,FALSE
"1297706",4,FALSE,TRUE,FALSE,FALSE,FALSE
"1473131",4,FALSE,TRUE,FALSE,FALSE,FALSE
"1294035",4,FALSE,TRUE,FALSE,FALSE,FALSE
"1282808",4,FALSE,TRUE,FALSE,FALSE,FALSE
"1043840",4,FALSE,TRUE,FALSE,FALSE,FALSE
"1480117",4,FALSE,TRUE,FALSE,FALSE,FALSE
"1302106",4,FALSE,TRUE,FALSE,FALSE,FALSE
"1073520",4,FALSE,TRUE,FALSE,FALSE,FALSE
"1378400",4,FALSE,TRUE,FALSE,FALSE,FALSE
"1055675",4,FALSE,TRUE,FALSE,FALSE,FALSE
"1245177",4,FALSE,TRUE,FALSE,FALSE,FALSE
"1232015",4,FALSE,TRUE,FALSE,FALSE,FALSE
"1018843",4,FALSE,TRUE,FALSE,FALSE,FALSE
"1019127",4,FALSE,TRUE,FALSE,FALSE,FALSE
"1026400",4,FALSE,TRUE,FALSE,FALSE,FALSE
"1048272",4,FALSE,TRUE,FALSE,FALSE,FALSE
"1434027",4,FALSE,TRUE,FALSE,FALSE,FALSE
"1288904",4,FALSE,TRUE,FALSE,FALSE,FALSE
"1288723",4,FALSE,TRUE,FALSE,FALSE,FALSE
"1470408",4,FALSE,TRUE,FALSE,FALSE,FALSE
"1314982",4,FALSE,TRUE,FALSE,FALSE,FALSE
"1340395",4,FALSE,TRUE,FALSE,FALSE,FALSE
"1038259",4,FALSE,TRUE,FALSE,FALSE,FALSE
"1298069",4,FALSE,TRUE,FALSE,FALSE,FALSE
"1019170",4,FALSE,TRUE,FALSE,FALSE,FALSE
"1287517",4,FALSE,TRUE,FALSE,FALSE,FALSE
"1416436",4,FALSE,TRUE,FALSE,FALSE,FALSE
"1480012",4,FALSE,TRUE,FALSE,FALSE,FALSE
"1266792",4,FALSE,TRUE,FALSE,FALSE,FALSE
"1052206",4,FALSE,TRUE,FALSE,FALSE,FALSE
"1468160",4,FALSE,TRUE,FALSE,FALSE,FALSE
"1294190",4,FALSE,TRUE,FALSE,FALSE,FALSE
"1463359",4,FALSE,TRUE,FALSE,FALSE,FALSE
"1445613",4,FALSE,TRUE,FALSE,FALSE,FALSE
"1026361",4,FALSE,TRUE,FALSE,FALSE,FALSE
"1300471",4,FALSE,TRUE,FALSE,FALSE,FALSE
"1037581",4,FALSE,TRUE,FALSE,FALSE,FALSE
"1284523",4,FALSE,TRUE,FALSE,FALSE,FALSE
"1067847",4,FALSE,TRUE,FALSE,FALSE,FALSE
"1273830",4,FALSE,TRUE,FALSE,FALSE,FALSE
"1250925",4,FALSE,TRUE,FALSE,FALSE,FALSE
"1258919",4,FALSE,TRUE,FALSE,FALSE,FALSE
"1044161",4,FALSE,TRUE,TRUE,FALSE,FALSE
"1220653",4,FALSE,TRUE,FALSE,FALSE,FALSE
"1018769",4,FALSE,TRUE,FALSE,FALSE,FALSE
"1076049",4,FALSE,TRUE,FALSE,FALSE,FALSE
"1021807",4,FALSE,TRUE,FALSE,FALSE,FALSE
"1051134",4,FALSE,TRUE,FALSE,FALSE,FALSE
"1462239",4,FALSE,TRUE,FALSE,FALSE,FALSE
"1060256",4,FALSE,TRUE,FALSE,FALSE,FALSE
"1463344",4,FALSE,TRUE,FALSE,FALSE,FALSE
"1048800",4,FALSE,TRUE,FALSE,FALSE,FALSE
"1072107",5,FALSE,TRUE,FALSE,FALSE,FALSE
"1464630",5,FALSE,TRUE,FALSE,FALSE,FALSE
"1422587",5,FALSE,TRUE,FALSE,FALSE,FALSE
"1339123",5,FALSE,TRUE,TRUE,FALSE,FALSE
"1465175",5,FALSE,TRUE,FALSE,FALSE,FALSE
"1425184",5,FALSE,FALSE,FALSE,FALSE,TRUE
"1029241",5,FALSE,TRUE,FALSE,FALSE,FALSE
