"pac_id","depth","path","status","total_received","total_donated_all","data_sufficiency","unitemized_amount","small_dollar_amount","under_5k_amount","over_5k_amount","is_federal_pac"
"1018771",0,"1018771","resolved",1846310,2471400,0.747070486364004,1846310,0,0,0,FALSE
"1058056",0,"1058056","resolved",300625.64,461800,0.650986660892161,65468.41,20541.67,214615.56,0,FALSE
"1256259",0,"1256259","resolved",18782.67,266000,0.0706115413533834,0,0,0,18782.67,FALSE
"1031555",0,"1031555","resolved",269685.540000001,208300,1.29469774363898,8173.82,5546,221850.340000001,34115.38,FALSE
"1026634",0,"1026634","resolved",940019.44,859213.83,1.09404598387342,1438.35,1996.68,307366.96,629217.45,FALSE
"1040629",0,"1040629","resolved",170138.38,88500,1.92246757062147,170138.38,0,0,0,FALSE
"1021564",0,"1021564","resolved",438175.29,788250,0.555883653663178,396158.66,0,0,42016.63,FALSE
"1018378",0,"1018378","resolved",1410612.21,977677.54,1.4428194903608,800,0,677256.61,732555.6,FALSE
"1452790",0,"1452790","unresolved",NA,313600,NA,NA,NA,NA,NA,FALSE
"1254059",0,"1254059","resolved",67089.64,131000,0.51213465648855,50,500,42375,24164.64,FALSE
"1342002",0,"1342002","resolved",18220,41000,0.444390243902439,0,200,8220,9800,FALSE
"1018725",0,"1018725","resolved",3878501.45000013,3435229.27,1.12903714575072,1262299,464934.940000023,2108584.14,42683.37,FALSE
"1023815",0,"1023815","resolved",6473614.39,3394680,1.90698810786289,3030244.05,0,0,3443370.34,FALSE
"1048313",0,"1048313","resolved",172133.63,120602.04,1.42728622169244,0,0,0,172133.63,FALSE
"1379198",0,"1379198","resolved",280000,248000,1.12903225806452,0,0,0,280000,FALSE
"1035434",0,"1035434","resolved",2913863,2541000,1.14673868555687,0,0,0,2913863,FALSE
"1047567",0,"1047567","resolved",195929.45,172400,1.13648172853828,135,2400,95549.45,97845,FALSE
"1445789",0,"1445789","resolved",455000,149800,3.03738317757009,0,0,0,455000,FALSE
"1034589",0,"1034589","resolved",1940620,1214975,1.59725097224223,0,0,0,1940620,FALSE
"1053896",0,"1053896","resolved",570200.43,513900,1.1095552247519,570200.43,0,0,0,FALSE
"1343340",0,"1343340","resolved",56831.19,36137.88,1.57262102812893,2061,810,53960.19,0,FALSE
"1018977",0,"1018977","resolved",3426998.04,2181358.62,1.57103834673457,3426998.04,0,0,0,FALSE
"1069562",0,"1069562","resolved",428937.91,295900,1.44960429199054,428937.91,0,0,0,FALSE
"1018937",0,"1018937","resolved",1430216.3,1594020,0.897238616830404,0,0,4100,1426116.3,FALSE
"1018954",0,"1018954","resolved",636412.38,566600,1.12321281327215,636412.38,0,0,0,FALSE
"1344506",0,"1344506","resolved",1746040.04,1513000,1.15402514210178,0,0,2040.04,1744000,FALSE
"1019216",0,"1019216","resolved",508791.4,50500,10.0750772277228,495681,0,0,13110.4,FALSE
"1020015",0,"1020015","resolved",146164.37,82200,1.77815535279805,394.37,0,112601.6,33168.4,FALSE
"1034810",0,"1034810","resolved",1527308,379650,4.02293691558014,1527308,0,0,0,FALSE
"1282378",0,"1282378","resolved",499800,378547.62,1.320309450103,0,0,0,499800,FALSE
"1043345",0,"1043345","resolved",6399550.32,1069000,5.98648299345182,6328690.5,0,0,70859.82,FALSE
"1039598",0,"1039598","resolved",60982,114700,0.531665213600698,8327,850,36205,15600,FALSE
"1018862",0,"1018862","resolved",894659.5,290100,3.08396932092382,894659.5,0,0,0,FALSE
"1031089",0,"1031089","resolved",3093393.79,1325900,2.33305210800211,3093393.79,0,0,0,FALSE
"1435181",0,"1435181","unresolved",NA,73955,NA,NA,NA,NA,NA,FALSE
"1018801",0,"1018801","resolved",66707.5300000001,108500,0.614815944700462,116.12,0,66591.4100000001,0,FALSE
"1277874",0,"1277874","resolved",116830.33,209706.32,0.557114015447889,0,0,1e+05,16830.33,FALSE
"1022714",0,"1022714","resolved",76925,86000,0.894476744186047,0,0,22925,54000,FALSE
"1038947",0,"1038947","resolved",2267007.02,2140753.32,1.05897629531645,2206548.65,0,0,60458.37,FALSE
"1403112",0,"1403112","resolved",358675.8,19000,18.8776736842105,358675.8,0,0,0,TRUE
"1021268",0,"1021268","resolved",3065577.43,845800,3.62447083234807,10880.87,7150,125874.05,2921672.51,FALSE
"1018912",0,"1018912","resolved",604872,644065,0.939147446298122,250,82,24609,579931,FALSE
"1295768",0,"1295768","resolved",2337110.16,1385500,1.68683519307109,2302483.29,0,0,34626.87,FALSE
"1377585",0,"1377585","resolved",1569078.03,878300,1.78649439826938,0,0,19500,1549578.03,FALSE
"1047153",0,"1047153","resolved",239277.36,39630,6.03778349735049,239277.36,0,0,0,FALSE
"1019780",0,"1019780","resolved",304935.820000003,186700,1.63329309051956,126286.45,13701.69,154267.679999999,10680,FALSE
"1039318",0,"1039318","resolved",1025779.88,512400,2.00191233411397,330046.62,3551.54,38507.96,653673.76,FALSE
"1358788",0,"1358788","resolved",261450,136800,1.91118421052632,0,0,6500,254950,FALSE
"1464730",0,"1464730","resolved",228363.61,189555.66,1.20473115917509,225000,0,3363.61,0,FALSE
"1064861",0,"1064861","resolved",664300,333423.69,1.99235993099351,0,0,21800,642500,FALSE
"1385674",0,"1385674","resolved",5000,5000,1,0,0,0,5000,FALSE
"1356185",0,"1356185","resolved",489103.200000004,373050,1.31109288299157,276607,136353.699999999,4812.1,71330.4,FALSE
"1018449",0,"1018449","resolved",1581074.34,1179800,1.34012064756739,1921.58,280.5,116755.51,1462116.75,FALSE
"1349650",0,"1349650","resolved",104555,61350,1.70423797881011,17535,5890,76030,5100,FALSE
"1226530",0,"1226530","resolved",693059.4,340850,2.03332668329177,0,0,0,693059.4,FALSE
"1223277",0,"1223277","resolved",84135,50450,1.66769078295342,0,0,0,84135,FALSE
"1445004",0,"1445004","unresolved",NA,20800,NA,NA,NA,NA,NA,FALSE
"1437185",0,"1437185","resolved",128004.67,95080.19,1.34628117592108,2473,153.88,64072.39,61305.4,FALSE
"1038907",0,"1038907","resolved",1457107.69000006,1898400,0.767545138010986,1096933.47,130508.459999998,229665.760000001,0,FALSE
"1298011",0,"1298011","unresolved",NA,16400,NA,NA,NA,NA,NA,FALSE
"1418060",0,"1418060","resolved",47347.33,37500,1.26259546666667,0,50,27297.33,20000,FALSE
"1456636",0,"1456636","unresolved",NA,85425,NA,NA,NA,NA,NA,FALSE
"1416440",0,"1416440","unresolved",NA,83400,NA,NA,NA,NA,NA,FALSE
"1229437",0,"1229437","unresolved",NA,1e+05,NA,NA,NA,NA,NA,FALSE
"1264590",0,"1264590","resolved",11390941,11296700,1.00834234776528,0,0,15000,11375941,FALSE
"1363067",0,"1363067","resolved",195810.07,255700,0.765780484943292,65248.69,9595.1,120966.28,0,FALSE
"1069124",0,"1069124","resolved",462569.68,236200,1.95838137171888,7868.91,183.67,454517.1,0,FALSE
"1051285",0,"1051285","resolved",173818.58,25500,6.81641490196079,173818.58,0,0,0,FALSE
"1018846",0,"1018846","resolved",1442036.65,1723300,0.836787935936865,772.18,0,68100.86,1373163.61,FALSE
"1358723",0,"1358723","unresolved",NA,2572900,NA,NA,NA,NA,NA,FALSE
"1432932",0,"1432932","resolved",2152528,1173337.87,1.8345338159076,0,0,10500,2142028,FALSE
"1442900",0,"1442900","resolved",179663.37,71600,2.50926494413408,0,0,14450,165213.37,FALSE
"1052411",0,"1052411","resolved",832366.49,1520100,0.547573508321821,832366.49,0,0,0,FALSE
"1247549",0,"1247549","resolved",574842.75,409742.12,1.40293790152694,555860.63,0,0,18982.12,FALSE
"1422595",0,"1422595","resolved",259020,138350,1.87220816769064,0,0,0,259020,FALSE
"1018766",0,"1018766","resolved",443479.2,408100,1.08669247733399,2442.3,287.5,23650,417099.4,FALSE
"1077374",0,"1077374","resolved",16759665.78,24318079.98,0.6891854041842,16219188.68,0,0,540477.1,FALSE
"1373047",0,"1373047","resolved",22359271.91,22547297.7,0.991660828162126,22359271.91,0,0,0,FALSE
"1358150",0,"1358150","resolved",2118384.42,868383.04,2.43945853663839,2118384.42,0,0,0,FALSE
"1318200",0,"1318200","resolved",827532.37,772130,1.07175264527994,0,0,0,827532.37,FALSE
"1244001",0,"1244001","resolved",186142.52,35000,5.31835771428571,0,0,1142.52,185000,FALSE
"1438874",0,"1438874","resolved",1910111.21,79300,24.0871527112232,117275.86,21515.32,113565.02,1657755.01,FALSE
"1036697",0,"1036697","resolved",2194803.69,2170500,1.01119727712509,2167824.02,0,0,26979.67,FALSE
"1486767",0,"1486767","resolved",118026176.51,117600000,1.00362394991497,0,0,0,118026176.51,FALSE
"1019841",0,"1019841","resolved",106595,25903.39,4.11509844850423,0,0,0,106595,FALSE
"1022794",0,"1022794","resolved",50500,30000,1.68333333333333,0,0,31000,19500,FALSE
"1476859",0,"1476859","resolved",3019692.79999991,174021.92,17.352370322083,770940.61,139230.04,1746871.82999994,362650.32,FALSE
"1355868",0,"1355868","resolved",15500,20000,0.775,0,0,0,15500,FALSE
"1018473",0,"1018473","resolved",2500000,1343578,1.86070328629972,2500000,0,0,0,FALSE
"1296948",0,"1296948","resolved",1493395.86,423645,3.52511149665404,1441938.19,0,0,51457.67,FALSE
"1302384",0,"1302384","resolved",5211651,1887177.14,2.76161198095055,5211651,0,0,0,FALSE
"1476845",0,"1476845","resolved",1157538.57,54090,21.4002323904603,5950,1400,347659.66,802528.91,FALSE
"1018676",0,"1018676","resolved",1267390.5,2829800,0.447872817866987,754271.4,41667.5,353508.37,117943.23,FALSE
"1029583",0,"1029583","resolved",231072.71,112300,2.05763766696349,0,300,69569,161203.71,FALSE
"1273063",0,"1273063","resolved",1362357.66,1259995,1.08124052873226,1318044,0,0,44313.66,FALSE
"1449477",0,"1449477","resolved",892926,539070.68,1.6564172994903,476,400,6950,885100,FALSE
"1374983",0,"1374983","resolved",911664.7,1259100,0.724060598840441,911664.7,0,0,0,FALSE
"1018915",0,"1018915","resolved",496940.07,410550,1.21042521008403,496940.07,0,0,0,FALSE
"1325942",0,"1325942","resolved",2180266.48,1587200,1.37365579637097,2180266.48,0,0,0,TRUE
"1475565",0,"1475565","unresolved",NA,19100,NA,NA,NA,NA,NA,FALSE
"1478170",0,"1478170","resolved",772488.93,105922.27,7.29297937062716,35,200,261978.93,510275,FALSE
"1316497",0,"1316497","resolved",832740.800000004,199900,4.16578689344674,90581.46,18725.99,663433.350000002,60000,FALSE
"1043298",0,"1043298","resolved",160056,30500,5.24773770491803,160056,0,0,0,FALSE
"1065182",0,"1065182","resolved",736836.34,749700,0.982841589969321,0,0,0,736836.34,FALSE
"1319072",0,"1319072","resolved",10028.78,14500,0.69164,0,0,0,10028.78,FALSE
"1070224",0,"1070224","resolved",480510,432300,1.11151977793199,0,0,0,480510,FALSE
"1448772",0,"1448772","resolved",6045371.41,65257.22,92.639119625384,6045371.41,0,0,0,TRUE
"1020788",0,"1020788","resolved",3339883.18,3320625,1.00579956484096,3305031.6,0,0,34851.58,FALSE
"1268914",0,"1268914","resolved",6110062.48000111,3089150.1,1.97791051979025,1433142.41,230856.959999999,3484966.93999984,961096.17,FALSE
"1455363",0,"1455363","unresolved",NA,11000,NA,NA,NA,NA,NA,FALSE
"1478478",0,"1478478","unresolved",NA,32500,NA,NA,NA,NA,NA,FALSE
"1047526",0,"1047526","resolved",8600,75200,0.11436170212766,0,100,3500,5000,FALSE
"1059236",0,"1059236","unresolved",NA,32706.56,NA,NA,NA,NA,NA,FALSE
"1018869",0,"1018869","resolved",55027.27,70863.2,0.776528155657662,48362.8,0,0,6664.47,FALSE
"1019718",0,"1019718","resolved",12976.5,12500,1.03812,12451.5,0,525,0,FALSE
"1237416",0,"1237416","resolved",78385.66,65900,1.18946373292868,64824,0,0,13561.66,FALSE
"1251912",0,"1251912","resolved",193272.9,179100,1.07913400335008,0,0,0,193272.9,FALSE
"1040545",0,"1040545","resolved",263111.39,324700,0.810321496766245,261611.44,1359.42,140.53,0,FALSE
"1047609",0,"1047609","resolved",941873.720000003,925550,1.01763677813192,0,0,531491.499999999,410382.22,FALSE
"1056178",0,"1056178","resolved",371954,126000,2.95201587301587,371954,0,0,0,FALSE
"1340101",0,"1340101","resolved",109176,48400,2.25570247933884,0,0,0,109176,FALSE
"1073398",0,"1073398","resolved",44152.5,25150,1.75556660039761,0,0,0,44152.5,FALSE
"1282464",0,"1282464","resolved",398157.46,19344.93,20.5820057244973,4091.02,4704.88,221457.66,167903.9,FALSE
"1460206",0,"1460206","resolved",99200,49200,2.01626016260163,0,0,0,99200,FALSE
"1247000",0,"1247000","resolved",12181116.68,104100,117.013608837656,12167544.44,0,0,13572.24,TRUE
"1056662",0,"1056662","resolved",140000,60000,2.33333333333333,140000,0,0,0,FALSE
"1064202",0,"1064202","resolved",38870.99,10000,3.887099,0,0,2270.99,36600,FALSE
"1066113",0,"1066113","unresolved",NA,10000,NA,NA,NA,NA,NA,FALSE
"1491712",0,"1491712","resolved",44669.36,5000,8.933872,44669.36,0,0,0,TRUE
"1367567",0,"1367567","resolved",100,12300,0.00813008130081301,0,100,0,0,FALSE
"1453853",0,"1453853","resolved",249375,84000,2.96875,0,0,0,249375,FALSE
"1041831",0,"1041831","resolved",45978,58500,0.785948717948718,0,0,0,45978,FALSE
"1477034",0,"1477034","resolved",850943.88,95811.49,8.88143875019583,68,0,323175.88,527700,FALSE
"1055863",0,"1055863","resolved",76714.11,23400,3.27838076923077,62862.91,0,0,13851.2,FALSE
"1476855",0,"1476855","unresolved",NA,39200,NA,NA,NA,NA,NA,FALSE
"1257183",0,"1257183","unresolved",NA,50100,NA,NA,NA,NA,NA,FALSE
"1018385",0,"1018385","unresolved",NA,30522,NA,NA,NA,NA,NA,FALSE
"1477317",0,"1477317","resolved",863086.2,184560,4.67645318595579,2130,100,333986.03,526870.17,FALSE
"1018496",0,"1018496","resolved",109142.1,78150,1.39657197696737,0,0,0,109142.1,FALSE
"1047852",0,"1047852","resolved",18290.61,13500,1.35486,16135.25,0,2155.36,0,FALSE
"1047878",0,"1047878","resolved",50369.6,122200,0.412189852700491,50369.6,0,0,0,FALSE
"1476870",0,"1476870","resolved",785359.41,117600,6.6782262755102,289,900,311770.41,472400,FALSE
"1398311",0,"1398311","unresolved",NA,6000,NA,NA,NA,NA,NA,FALSE
"1462692",0,"1462692","unresolved",NA,50000,NA,NA,NA,NA,NA,FALSE
"1387404",0,"1387404","unresolved",NA,39200,NA,NA,NA,NA,NA,FALSE
"1258616",0,"1258616","resolved",358903.65,60400,5.94211341059602,292996.15,2300,58489.18,5118.32,FALSE
"1047521",0,"1047521","resolved",9892642.43999998,3505873.02,2.82173438215397,9876922.64,4338.7,11381.1,0,FALSE
"1053654",0,"1053654","resolved",137012,64100,2.13747269890796,0,0,0,137012,FALSE
"1044790",0,"1044790","resolved",53025.29,20500,2.58659951219512,0,0,0,53025.29,FALSE
"1280902",0,"1280902","resolved",36355.91,36500,0.996052328767123,33192,0,3163.91,0,FALSE
"1043772",0,"1043772","resolved",80000,37500,2.13333333333333,0,0,0,80000,FALSE
"1280263",0,"1280263","resolved",39681.21,30800,1.28835097402597,36527.41,0,3153.8,0,FALSE
"1025597",0,"1025597","resolved",174510.95,68100,2.56256901615272,90722.5,5329.5,69349.5,9109.45,FALSE
"1047877",0,"1047877","unresolved",NA,6500,NA,NA,NA,NA,NA,FALSE
"1047468",0,"1047468","resolved",41454.2,44650,0.928425531914894,37476.32,0,3977.88,0,FALSE
"1047853",0,"1047853","resolved",71345.95,100600,0.709204274353877,68054.8,0,3291.15,0,FALSE
"1040377",0,"1040377","resolved",309430.31,73280,4.22257519104803,266098.27,27737.78,15594.26,0,FALSE
"1047683",0,"1047683","resolved",760013.39,183200,4.14854470524018,391568.63,27393.88,341050.879999999,0,FALSE
"1020403",0,"1020403","resolved",412140.02,73100,5.63803036935704,123231.75,8449.32,280458.95,0,FALSE
"1042752",0,"1042752","resolved",59730,23000,2.59695652173913,59730,0,0,0,FALSE
"1047876",0,"1047876","unresolved",NA,5000,NA,NA,NA,NA,NA,FALSE
"1262838",0,"1262838","unresolved",NA,84600,NA,NA,NA,NA,NA,TRUE
"1042976",0,"1042976","resolved",21917.5,10000,2.19175,0,0,0,21917.5,FALSE
"1043305",0,"1043305","unresolved",NA,39200,NA,NA,NA,NA,NA,FALSE
"1021722",0,"1021722","resolved",400831.36,547500,0.732112073059361,2090.68,77500,321240.68,0,FALSE
"1468676",0,"1468676","resolved",178221.79,127800,1.39453669796557,103.85,0,22559.96,155557.98,FALSE
"1468673",0,"1468673","resolved",201613.79,127800,1.57757269170579,0.5,0,13133.41,188479.88,FALSE
"1018435",0,"1018435","resolved",554875.99,302600,1.83369461335096,2569.84,477.5,264350.75,287477.9,FALSE
"1468668",0,"1468668","resolved",168427.98,127800,1.31790281690141,75.68,0,39845.43,128506.87,FALSE
"1435580",0,"1435580","resolved",36782,25000,1.47128,0,200,16582,20000,FALSE
"1021273",0,"1021273","resolved",2305264.38,1054117.72,2.1869136020216,22375.02,1230,270095.12,2011564.24,FALSE
"1476547",0,"1476547","resolved",821774.07,96290,8.53436566621664,975.01,900,289199.06,530700,FALSE
"1072506",0,"1072506","resolved",197646.15,179950,1.09833926090581,190383.92,0,0,7262.23,FALSE
"1469747",0,"1469747","resolved",5526410.13,622632,8.87588516170065,5512460.25,0,0,13949.88,FALSE
"1266480",0,"1266480","resolved",273900,85100,3.21856639247944,0,0,97900,176000,FALSE
"1237671",0,"1237671","resolved",332156.73,298800,1.11163564257028,0,0,0,332156.73,FALSE
"1042187",0,"1042187","resolved",146058.5,52800,2.76625946969697,146058.5,0,0,0,FALSE
"1064902",0,"1064902","resolved",88522.5999999999,32900,2.69065653495441,73960.18,1145.97,2777.45,10639,FALSE
"1034124",0,"1034124","resolved",328704.09,159700.4,2.05825464432149,320565.35,0,0,8138.74,FALSE
"1071932",0,"1071932","resolved",1338859.35,1079900,1.23979937957218,1317656.13,0,0,21203.22,FALSE
"1073761",0,"1073761","resolved",1663353.34,626460,2.65516288350413,1663353.34,0,0,0,FALSE
"1413981",0,"1413981","unresolved",NA,22900,NA,NA,NA,NA,NA,FALSE
"1019977",0,"1019977","unresolved",NA,153000,NA,NA,NA,NA,NA,FALSE
"1221924",0,"1221924","unresolved",NA,5000,NA,NA,NA,NA,NA,FALSE
"1475124",0,"1475124","unresolved",NA,10000,NA,NA,NA,NA,NA,TRUE
"1477312",0,"1477312","resolved",1246911.63,151040,8.25550602489407,725,1000,428961.12,816225.51,FALSE
"1478172",0,"1478172","resolved",687715.37,85850,8.01066243447874,1537,100,188767.15,497311.22,FALSE
"1076050",0,"1076050","resolved",231331.59,144100,1.60535454545455,0.11,0,12033.9,219297.58,FALSE
"1021744",0,"1021744","resolved",218887.43,213352.57,1.02594231698264,0,0,6898,211989.43,FALSE
"1021706",0,"1021706","resolved",478628.05,122800,3.89762255700326,66260.74,45125,336262.57,30979.74,FALSE
"1030692",0,"1030692","resolved",46960,50250,0.93452736318408,0,0,46960,0,FALSE
"1054067",0,"1054067","resolved",34177.97,55100,0.620289836660617,0,3110,22767.97,8300,FALSE
"1048794",0,"1048794","resolved",170389.85,125400,1.35877073365231,0,0,3652.52,166737.33,FALSE
"1045460",0,"1045460","resolved",21830.15,10500,2.0790619047619,21830.15,0,0,0,FALSE
"1483803",0,"1483803","resolved",9596448.56,2789200,3.44057384196185,9596448.56,0,0,0,FALSE
"1281772",0,"1281772","resolved",81770.61,39500,2.07014202531646,0,0,0,81770.61,FALSE
"1456932",0,"1456932","unresolved",NA,125315,NA,NA,NA,NA,NA,FALSE
"1489012",0,"1489012","resolved",25000,5900,4.23728813559322,0,0,0,25000,FALSE
"1299419",0,"1299419","unresolved",NA,10000,NA,NA,NA,NA,NA,FALSE
"1477142",0,"1477142","resolved",714096.71,87750,8.13785424501424,668.52,2100,259105.28,452222.91,FALSE
"1022953",0,"1022953","resolved",53559.2,68600,0.780746355685131,85,285,53189.2,0,FALSE
"1400117",0,"1400117","unresolved",NA,93495.5,NA,NA,NA,NA,NA,TRUE
"1070701",0,"1070701","resolved",176235,115300,1.52849089332177,0,0,72235,104000,FALSE
"1019401",0,"1019401","resolved",2359786.55,1456228.25,1.62047848611644,535548.47,14426.16,1285756.92,524055,FALSE
"1467150",0,"1467150","resolved",748,9800,0.0763265306122449,0,0,748,0,FALSE
"1018748",0,"1018748","resolved",166188.14,64000,2.5966896875,44004.35,1205,101378.79,19600,FALSE
"1388166",0,"1388166","resolved",217649.23,97511.64,2.23203332443183,0,0,11500,206149.23,FALSE
"1021618",0,"1021618","resolved",1138492.5,329981.26,3.45017320074479,823.5,200,208965,928504,FALSE
"1398390",0,"1398390","resolved",238229.01,46500,5.12320451612903,233548.32,0,4680.69,0,FALSE
"1480805",0,"1480805","resolved",243015.5,102400,2.3731982421875,0,200,19950,222865.5,FALSE
"1018750",0,"1018750","resolved",419100,152300,2.75180564674984,419100,0,0,0,FALSE
"1018640",0,"1018640","resolved",530603,248674.35,2.13372629706281,0,0,3060,527543,FALSE
"1313474",0,"1313474","resolved",248166,113800,2.18072056239016,0,0,24649,223517,FALSE
"1490566",0,"1490566","unresolved",NA,10000,NA,NA,NA,NA,NA,FALSE
"1477778",0,"1477778","resolved",158725,203300,0.780742744712248,25,0,67000,91700,FALSE
"1492717",0,"1492717","unresolved",NA,39200,NA,NA,NA,NA,NA,TRUE
"1036989",0,"1036989","resolved",5550,25000,0.222,50,0,0,5500,FALSE
"1018754",0,"1018754","resolved",834380.14,620017.24,1.34573699918409,834380.14,0,0,0,FALSE
"1010229",1,"1026634 -> 1010229","unresolved",NA,642570,NA,NA,NA,NA,NA,FALSE
"1240437",1,"1021268 -> 1240437","unresolved",NA,20200,NA,NA,NA,NA,NA,FALSE
"1286035",1,"1377585 -> 1286035","resolved",1891660.7,817000,2.31537417380661,0,100,1200,1890360.7,FALSE
"1401346",1,"1377585 -> 1401346","resolved",164261.99,168800,0.97311605450237,6184.09,1620,32022,124435.9,FALSE
"1408990",1,"1377585 -> 1408990","resolved",311500,89200,3.49215246636771,0,0,1500,310000,FALSE
"1463224",1,"1377585 -> 1463224","resolved",2847824.75,525296.13,5.42137013269068,2804300.48,0,0,43524.27,FALSE
"1272633",1,"1377585 -> 1272633","resolved",252085,150400,1.67609707446809,15670,1345,109470,125600,FALSE
"1357256",1,"1377585 -> 1357256","resolved",8446000,5361721.71,1.57524027855597,0,0,0,8446000,FALSE
"1387772",1,"1377585 -> 1387772","resolved",250871.91,221636.88,1.13190507825232,0,0,0,250871.91,FALSE
"1423131",1,"1377585 -> 1423131","resolved",3199169.86,869800,3.67805226488848,0,0,0,3199169.86,FALSE
"1471593",1,"1377585 -> 1471593","resolved",15000,16000,0.9375,0,0,0,15000,FALSE
"1075652",1,"1377585 -> 1075652","resolved",172348.94,50500,3.4128502970297,172348.94,0,0,0,FALSE
"1298012",1,"1377585 -> 1298012","resolved",125709.71,28250,4.44990123893805,23224.71,0,483,102002,FALSE
"1488590",1,"1377585 -> 1488590","resolved",5e+05,225000,2.22222222222222,0,0,0,5e+05,FALSE
"1012312",1,"1064861 -> 1012312","unresolved",NA,34700,NA,NA,NA,NA,NA,FALSE
"1011327",1,"1064861 -> 1011327","unresolved",NA,35300,NA,NA,NA,NA,NA,FALSE
"1007720",1,"1064861 -> 1007720","unresolved",NA,105300,NA,NA,NA,NA,NA,FALSE
"1011621",1,"1064861 -> 1011621","unresolved",NA,5000,NA,NA,NA,NA,NA,FALSE
"1446977",1,"1432932 -> 1446977","resolved",2390005,173608.35,13.7666477447657,0,0,0,2390005,FALSE
"1477268",1,"1432932 -> 1477268","resolved",861805.71,148171.49,5.81627214520148,99,100,335462.4,526144.31,FALSE
"1335312",1,"1432932 -> 1335312","resolved",83963.51,45500,1.84535186813187,9663.51,0,0,74300,FALSE
"1067293",1,"1432932 -> 1067293","resolved",5e+05,364900,1.37023842148534,0,0,0,5e+05,FALSE
"1343200",1,"1432932 -> 1343200","resolved",597103.11,407000,1.46708380835381,0,0,485650,111453.11,FALSE
"1034330",1,"1432932 -> 1034330","resolved",163087,93700,1.74052294557097,0,0,48345,114742,FALSE
"1437529",1,"1432932 -> 1437529","resolved",15021309.22,3168388,4.74099422797965,0,0,0,15021309.22,FALSE
"1475739",1,"1432932 -> 1475739","resolved",303657.86,25000,12.1463144,0,0,0,303657.86,FALSE
"1479794",1,"1442900 -> 1479794","unresolved",NA,6713.37,NA,NA,NA,NA,NA,FALSE
"1329702",1,"1442900 -> 1329702","unresolved",NA,5000,NA,NA,NA,NA,NA,FALSE
"1302433",1,"1422595 -> 1302433","resolved",3656243.34,993050,3.6818320729067,4620.74,1243.4,15456.24,3634922.96,FALSE
"1465611",1,"1422595 -> 1465611","resolved",7242932.16,2774769.98,2.61028200975419,0,0,8934.17,7233997.99,FALSE
"1266887",1,"1422595 -> 1266887","resolved",1867391,1320180.79,1.41449641908515,0,0,1791,1865600,FALSE
"1439102",1,"1422595 -> 1439102","resolved",2e+06,5086500,0.393197680133687,0,0,0,2e+06,FALSE
"1030699",1,"1438874 -> 1030699","resolved",3986896.24,73600,54.1697858695652,3986896.24,0,0,0,FALSE
"1405807",1,"1438874 -> 1405807","resolved",50345.97,9660.48,5.21153917817748,0,0,4564.15,45781.82,FALSE
"1401119",1,"1438874 -> 1401119","resolved",2055933.02,586500,3.50542714407502,0,0,0,2055933.02,FALSE
"1076803",1,"1476859 -> 1076803","resolved",120936.75,51750,2.33694202898551,20364.75,3831,91341,5400,FALSE
"1018624",1,"1476859 -> 1018624","resolved",584509.4,708200,0.825345100254165,798.6,100,562748.8,20862,FALSE
"1239870",1,"1476859 -> 1239870","resolved",45355.79,30713.66,1.47673022362037,5.79,0,25350,20000,FALSE
"1022620",1,"1476845 -> 1022620","resolved",56150.76,273500,0.205304424131627,31659,1000,23491.76,0,FALSE
"1047894",1,"1476845 -> 1047894","resolved",670560.07,1546400,0.433626532591826,194999.26,8100,68600.81,398860,FALSE
"1349036",1,"1476845 -> 1349036","resolved",68600,57097.67,1.20145007668439,0,0,0,68600,FALSE
"1067533",1,"1476845 -> 1067533","resolved",863725.76,569500,1.5166387357331,0,0,0,863725.76,FALSE
"1439959",1,"1476845 -> 1439959","resolved",116952.3,113100,1.03406100795756,205,500,25675,90572.3,FALSE
"1019127",1,"1476845 -> 1019127","resolved",192644.89,100900,1.90926551040634,0,0,0,192644.89,FALSE
"1275328",1,"1476845 -> 1275328","resolved",77797,92582.7,0.840297377371798,59422,5975,12400,0,FALSE
"1275549",1,"1478170 -> 1275549","resolved",5077614,891600,5.69494616419919,0,0,17500,5060114,FALSE
"1405082",1,"1478170 -> 1405082","resolved",25084.7,23300,1.07659656652361,0,0,2500,22584.7,FALSE
"1073535",1,"1478170 -> 1073535","resolved",74062.7600000002,77401,0.956870841461999,60553.27,12767.7,741.79,0,FALSE
"1070689",1,"1478170 -> 1070689","resolved",289723.08,124800,2.32149903846154,0,0,3000,286723.08,FALSE
"1035164",1,"1478170 -> 1035164","resolved",530600,301600,1.75928381962865,9038,1888,260242,259432,FALSE
"1018843",1,"1478170 -> 1018843","resolved",140813.89,89000,1.58217853932584,0,0,135200,5613.89,FALSE
"1021823",1,"1478170 -> 1021823","resolved",1055526.55,1004500,1.05079795918367,1053433.25,755.2,1338.1,0,FALSE
"1019100",1,"1478170 -> 1019100","resolved",78384.6,6500,12.0591692307692,78384.6,0,0,0,FALSE
"1452149",1,"1268914 -> 1452149","resolved",1042306.09,38415,27.1327890147078,2959.7,1200,535444.19,502702.2,FALSE
"1488423",1,"1268914 -> 1488423","resolved",48271835.92,40000,1206.795898,28,0,0,48271807.92,FALSE
"1443600",1,"1453853 -> 1443600","unresolved",NA,15000,NA,NA,NA,NA,NA,FALSE
"1447361",1,"1477034 -> 1447361","unresolved",NA,72700,NA,NA,NA,NA,NA,FALSE
"1022037",1,"1477034 -> 1022037","resolved",74777.47,82200,0.909701581508516,76.1,0,16644.37,58057,FALSE
"1263100",1,"1477034 -> 1263100","resolved",9100,5900,1.54237288135593,0,0,0,9100,FALSE
"1034642",1,"1477034 -> 1034642","resolved",406268.14,130800,3.1060255351682,273961.01,128907.13,3400,0,FALSE
"1414539",1,"1477034 -> 1414539","resolved",117925.42,57100,2.06524378283713,0,0,47128.8,70796.62,FALSE
"1018785",1,"1477034 -> 1018785","resolved",49648.95,66500,0.746600751879699,309.47,0,27354.48,21985,FALSE
"1052012",1,"1477034 -> 1052012","unresolved",NA,16800,NA,NA,NA,NA,NA,FALSE
"1269303",1,"1477034 -> 1269303","resolved",10029.5,11900,0.84281512605042,10029.5,0,0,0,FALSE
"1476866",1,"1477034 -> 1476866","resolved",1171413.91,204196.49,5.73669953876289,1742.26,5000,422271.65,742400,FALSE
"1286381",1,"1477034 -> 1286381","resolved",969326.67,123122.76,7.87284714865066,370596.42,50804.38,547925.87,0,FALSE
"1021408",1,"1477317 -> 1021408","resolved",163228.35,102100,1.59871057786484,1323.34,260,64105.01,97540,FALSE
"1025266",1,"1477317 -> 1025266","resolved",300862.74,270200,1.11348164322724,2688.64,170.59,271659.01,26344.5,FALSE
"1048529",1,"1477317 -> 1048529","resolved",912727.17,247400,3.6892771624899,3723.11,2950,482273.49,423780.57,FALSE
"1042048",1,"1477317 -> 1042048","resolved",79125,30400,2.60279605263158,375,0,0,78750,FALSE
"1034859",1,"1477317 -> 1034859","resolved",112901.05,43600,2.58947362385321,1.05,60200,52700,0,FALSE
"1299236",1,"1477317 -> 1299236","resolved",77696.3,91511.08,0.849037078351605,0,0,9000,68696.3,FALSE
"1045880",1,"1477317 -> 1045880","resolved",201996.88,57400,3.5191094076655,5718.91,0,162440.72,33837.25,FALSE
"1238126",1,"1477317 -> 1238126","resolved",109703.76,24800,4.42353870967743,17357.88,2348.31,89997.57,0,FALSE
"1021721",1,"1476870 -> 1021721","resolved",200518.9,74400,2.69514650537634,4075,2000,67618.9,126825,FALSE
"1410185",1,"1476870 -> 1410185","resolved",1282000,64600,19.8452012383901,0,0,0,1282000,FALSE
"1036915",1,"1476870 -> 1036915","resolved",277522.5,168100,1.65093694229625,277522.5,0,0,0,FALSE
"1483175",1,"1476870 -> 1483175","resolved",415000,25600,16.2109375,0,0,0,415000,FALSE
"1039225",1,"1476870 -> 1039225","resolved",397830.1,35342.52,11.2564157847262,1000,400,20850,375580.1,FALSE
"1473273",1,"1435580 -> 1473273","unresolved",NA,5000,NA,NA,NA,NA,NA,FALSE
"1029806",1,"1476547 -> 1029806","resolved",1009402.32,1011500,0.997926169055858,0,0,0,1009402.32,FALSE
"1045835",1,"1476547 -> 1045835","resolved",12570892.05,462501.71,27.1802066418306,0,0,0,12570892.05,FALSE
"1467230",1,"1476547 -> 1467230","resolved",425000,30700,13.8436482084691,0,0,0,425000,FALSE
"1386983",1,"1477312 -> 1386983","unresolved",NA,27900,NA,NA,NA,NA,NA,FALSE
"1070781",1,"1477312 -> 1070781","resolved",147841.1,82800,1.78552053140097,142888,0,4953.1,0,FALSE
"1047613",1,"1477312 -> 1047613","unresolved",NA,6900,NA,NA,NA,NA,NA,FALSE
"1021680",1,"1477312 -> 1021680","resolved",192535,122550,1.57107303141575,0,0,35650,156885,FALSE
"1302173",1,"1477312 -> 1302173","resolved",274722.75,172831,1.58954556763544,270574.25,4044,104.5,0,FALSE
"1065050",1,"1477312 -> 1065050","resolved",418440.02,214877.47,1.94734245521413,0,0,15340.02,403100,FALSE
"1314816",1,"1477312 -> 1314816","resolved",43259.75,17700,2.44405367231638,10334.77,3574.98,29350,0,FALSE
"1065029",1,"1477312 -> 1065029","resolved",119137.5,56800,2.0974911971831,4412.5,3300,39500,71925,FALSE
"1416673",1,"1478172 -> 1416673","resolved",136755.18,81800,1.67182371638142,5972.85,1006.33,94776,35000,FALSE
"1334557",1,"1478172 -> 1334557","resolved",123299,71000,1.73660563380282,0,0,0,123299,FALSE
"1036761",1,"1478172 -> 1036761","resolved",329847.02,249150,1.32388930363235,329847.02,0,0,0,FALSE
"1045888",1,"1478172 -> 1045888","resolved",74200,93400,0.794432548179872,0,0,12100,62100,FALSE
"1427579",1,"1478172 -> 1427579","resolved",127076,24400,5.20803278688525,2178,800,59598,64500,FALSE
"1058621",1,"1021744 -> 1058621","resolved",216524.27,99300,2.18050624370594,0,0,0,216524.27,FALSE
"1488229",1,"1021744 -> 1488229","unresolved",NA,5000,NA,NA,NA,NA,NA,FALSE
"1447800",1,"1281772 -> 1447800","unresolved",NA,12170.61,NA,NA,NA,NA,NA,FALSE
"1478537",1,"1281772 -> 1478537","resolved",340,96800,0.00351239669421488,340,0,0,0,FALSE
"1477297",1,"1489012 -> 1477297","resolved",712352.23,101800,6.99756611001965,910,1200,300542.23,409700,FALSE
"1052206",1,"1477142 -> 1052206","resolved",161411.53,58730,2.74836591179976,136280,0,0,25131.53,FALSE
"1338487",1,"1477142 -> 1338487","resolved",1224423.55,931017.86,1.31514507143826,39465,19325,878075,287558.55,FALSE
"1245177",1,"1477142 -> 1245177","resolved",127400,51678.47,2.46524326281331,0,0,0,127400,FALSE
"1328933",1,"1477142 -> 1328933","resolved",147300,89300,1.6494960806271,0,0,12800,134500,FALSE
"1072551",1,"1070701 -> 1072551","resolved",311907,93100,3.35023630504834,47885.49,1158.5,112653.26,150209.75,FALSE
"1332968",2,"1377585 -> 1272633 -> 1332968","resolved",1470836.49,230900,6.3700151147683,0,0,0,1470836.49,FALSE
"1357479",2,"1377585 -> 1272633 -> 1357479","resolved",775163.05,71200,10.887121488764,0,0,0,775163.05,FALSE
"1464406",2,"1377585 -> 1387772 -> 1464406","unresolved",NA,238282.59,NA,NA,NA,NA,NA,FALSE
"1436831",2,"1377585 -> 1423131 -> 1436831","resolved",130,25619.86,0.00507418853967196,5,0,125,0,FALSE
"1069777",2,"1432932 -> 1446977 -> 1069777","resolved",12467022.7100001,13110288.02,0.950934311357724,10196026.23,2097.87,223852.22,2045046.39,FALSE
"1294628",2,"1432932 -> 1446977 -> 1294628","resolved",11047651,7265930.6,1.52047295910038,334,0,31379,11015938,FALSE
"1365806",2,"1432932 -> 1446977 -> 1365806","resolved",2800000,479050.05,5.8449007572382,0,0,0,2800000,FALSE
"1067651",2,"1432932 -> 1477268 -> 1067651","resolved",152314.8,93000,1.6377935483871,8420,75,25674.97,118144.83,FALSE
"1038764",2,"1432932 -> 1477268 -> 1038764","resolved",4709.43,55700,0.0845499102333932,1020.71,160.46,3528.26,0,FALSE
"1431455",2,"1432932 -> 1477268 -> 1431455","unresolved",NA,11500,NA,NA,NA,NA,NA,FALSE
"1025467",2,"1432932 -> 1477268 -> 1025467","resolved",19747.5,75000,0.2633,19747.5,0,0,0,FALSE
"1219570",2,"1432932 -> 1477268 -> 1219570","resolved",114757.4,89500,1.28220558659218,0,300,16457.4,98000,FALSE
"1008988",2,"1476845 -> 1047894 -> 1008988","unresolved",NA,110150,NA,NA,NA,NA,NA,FALSE
"1305436",2,"1478170 -> 1275549 -> 1305436","resolved",59700,55500,1.07567567567568,0,0,11500,48200,FALSE
"1041364",2,"1478170 -> 1275549 -> 1041364","resolved",68600.95,78600,0.872785623409669,5228,16000,31372.95,16000,FALSE
"1049575",2,"1478170 -> 1275549 -> 1049575","resolved",128033,15000,8.53553333333333,3924.94,2119.9,91962.16,30026,FALSE
"1249402",2,"1478170 -> 1275549 -> 1249402","resolved",67500,23300,2.89699570815451,67500,0,0,0,FALSE
"1065909",2,"1478170 -> 1275549 -> 1065909","resolved",3192.25,26900,0.118671003717472,0,0,3192.25,0,FALSE
"1021800",2,"1478170 -> 1275549 -> 1021800","resolved",86338.46,34002.51,2.53917901943121,6216,1100,16222.46,62800,FALSE
"1406018",2,"1478170 -> 1275549 -> 1406018","resolved",285729.97,20000,14.2864985,3355.72,2270,262852.39,17251.86,FALSE
"1035088",2,"1478170 -> 1275549 -> 1035088","resolved",43149.43,31000,1.39191709677419,4116.73,1300,24032.7,13700,FALSE
"1485004",2,"1478170 -> 1275549 -> 1485004","resolved",43000,17662.61,2.4345212853593,0,0,700,42300,FALSE
"1233935",2,"1478170 -> 1275549 -> 1233935","resolved",2714.8,37500,0.0723946666666667,0,0,2714.8,0,FALSE
"1434027",2,"1478170 -> 1070689 -> 1434027","unresolved",NA,10000,NA,NA,NA,NA,NA,FALSE
"1384599",2,"1478170 -> 1035164 -> 1384599","resolved",224546.39,50800,4.42020452755906,0,0,0,224546.39,FALSE
"1476902",2,"1268914 -> 1452149 -> 1476902","resolved",185250,85270.26,2.17250422362967,0,0,128850,56400,FALSE
"1434406",2,"1268914 -> 1452149 -> 1434406","resolved",38635.29,10000,3.863529,3052,262.89,29277.79,6042.61,FALSE
"1446747",2,"1268914 -> 1452149 -> 1446747","unresolved",NA,6800,NA,NA,NA,NA,NA,FALSE
"1477489",2,"1268914 -> 1452149 -> 1477489","resolved",1120250.05,299900,3.73541197065689,0,4150,500699.24,615400.81,FALSE
"1050995",2,"1477034 -> 1476866 -> 1050995","resolved",119750,61700,1.94084278768233,119750,0,0,0,FALSE
"1298069",2,"1477034 -> 1476866 -> 1298069","resolved",369287.9,87200,4.23495298165138,0,0,0,369287.9,FALSE
"1070610",2,"1477034 -> 1476866 -> 1070610","unresolved",NA,11800,NA,NA,NA,NA,NA,FALSE
"1229652",2,"1477317 -> 1021408 -> 1229652","resolved",1319790.75,10000,131.979075,140.75,0,0,1319650,FALSE
"1045895",2,"1476870 -> 1410185 -> 1045895","resolved",292092.54,722400,0.404336295681063,274615.34,0,0,17477.2,FALSE
"1274157",2,"1476870 -> 1410185 -> 1274157","resolved",106000,45000,2.35555555555556,0,0,0,106000,FALSE
"1071844",2,"1476870 -> 1410185 -> 1071844","resolved",422178.5,30000,14.0726166666667,403631.51,3236.74,15310.25,0,FALSE
"1019646",2,"1476870 -> 1410185 -> 1019646","resolved",1406207.5,1291400,1.08890157968097,1399400,0,0,6807.5,FALSE
"1241835",2,"1476547 -> 1467230 -> 1241835","resolved",19955.68,107433.15,0.185749742979704,0,0,0,19955.68,FALSE
"1029026",2,"1477312 -> 1065050 -> 1029026","resolved",76535.37,44600,1.71603968609865,54778.87,1465,2704,17587.5,FALSE
"1391325",2,"1478172 -> 1416673 -> 1391325","unresolved",NA,10000,NA,NA,NA,NA,NA,FALSE
"1466651",2,"1478172 -> 1045888 -> 1466651","resolved",166420.32,25300,6.57787826086957,166420.32,0,0,0,FALSE
"1021723",2,"1489012 -> 1477297 -> 1021723","resolved",290820.46,137900,2.10892284263959,1850,260,92475,196235.46,FALSE
"1243091",2,"1489012 -> 1477297 -> 1243091","resolved",430776.62,229800,1.87457188859878,0.95,100,5000,425675.67,FALSE
"1048801",2,"1477142 -> 1328933 -> 1048801","resolved",59239.25,16000,3.702453125,59239.25,0,0,0,FALSE
"1065171",2,"1477142 -> 1328933 -> 1065171","resolved",158222.68,52000,3.04274384615385,146477.9,0,0,11744.78,FALSE
"1018355",2,"1477142 -> 1328933 -> 1018355","resolved",1950250.63,1854367.44,1.05170668333133,52737.13,6205.85,520134.06,1371173.59,FALSE
"1467372",3,"1432932 -> 1446977 -> 1069777 -> 1467372","unresolved",NA,10000,NA,NA,NA,NA,NA,FALSE
"1235352",3,"1432932 -> 1446977 -> 1294628 -> 1235352","unresolved",NA,2093220,NA,NA,NA,NA,NA,FALSE
"1288733",3,"1432932 -> 1446977 -> 1294628 -> 1288733","unresolved",NA,7500,NA,NA,NA,NA,NA,FALSE
"1036765",3,"1432932 -> 1446977 -> 1294628 -> 1036765","unresolved",NA,30000,NA,NA,NA,NA,NA,FALSE
"1474269",3,"1432932 -> 1446977 -> 1365806 -> 1474269","resolved",60.47,1900000,3.18263157894737e-05,60.47,0,0,0,FALSE
"1413944",3,"1432932 -> 1446977 -> 1365806 -> 1413944","resolved",0,525000,0,0,0,0,0,FALSE
"1053292",3,"1432932 -> 1446977 -> 1365806 -> 1053292","resolved",276115,169877.47,1.62537739701445,8995,3455,263665,0,FALSE
"1280496",3,"1432932 -> 1446977 -> 1365806 -> 1280496","resolved",24600,167000,0.147305389221557,0,0,0,24600,FALSE
"1026400",3,"1432932 -> 1477268 -> 1067651 -> 1026400","resolved",56108.37,17200,3.26211453488372,17858.37,0,19250,19000,FALSE
"1029893",3,"1432932 -> 1477268 -> 1067651 -> 1029893","resolved",42600,36600,1.16393442622951,0,0,0,42600,FALSE
"1410966",3,"1478170 -> 1275549 -> 1305436 -> 1410966","resolved",64195.73,15000,4.27971533333333,0,0,0,64195.73,FALSE
"1051385",3,"1478170 -> 1275549 -> 1021800 -> 1051385","resolved",30330.68,26500,1.14455396226415,198.83,99.33,14698.85,15333.67,FALSE
"1018998",3,"1478170 -> 1275549 -> 1021800 -> 1018998","resolved",5504.37,15000,0.366958,510.79,1300,3693.58,0,FALSE
"1025607",3,"1478170 -> 1275549 -> 1021800 -> 1025607","resolved",195819.03,33300,5.88045135135135,57915.23,5089.25,110365.72,22448.83,FALSE
"1464642",3,"1268914 -> 1452149 -> 1477489 -> 1464642","unresolved",NA,133388.83,NA,NA,NA,NA,NA,FALSE
"1026324",3,"1268914 -> 1452149 -> 1477489 -> 1026324","resolved",2002671.23,181300,11.0461733590734,0,0,0,2002671.23,FALSE
"1050957",3,"1268914 -> 1452149 -> 1477489 -> 1050957","resolved",371263.98,47600,7.79966344537815,0,0,371263.98,0,FALSE
"1035426",3,"1268914 -> 1452149 -> 1477489 -> 1035426","resolved",166595,71950,2.31542738012509,38002,3565,94983,30045,FALSE
"1021352",3,"1268914 -> 1452149 -> 1477489 -> 1021352","resolved",147252.5,65200,2.25847392638037,1050.5,200,29042,116960,FALSE
"1411956",3,"1268914 -> 1452149 -> 1477489 -> 1411956","resolved",2287133.34,525900,4.3489890473474,0,0,0,2287133.34,FALSE
"1396710",3,"1268914 -> 1452149 -> 1477489 -> 1396710","resolved",16950,20900,0.811004784688995,0,500,11450,5000,FALSE
"1045692",3,"1268914 -> 1452149 -> 1477489 -> 1045692","resolved",2500,31400,0.0796178343949045,0,0,2500,0,FALSE
"1466592",3,"1476547 -> 1467230 -> 1241835 -> 1466592","unresolved",NA,9955.68,NA,NA,NA,NA,NA,FALSE
"1441380",4,"1268914 -> 1452149 -> 1477489 -> 1021352 -> 1441380","resolved",1456601.22,8100,179.827311111111,0,0,1200,1455401.22,FALSE
"1041721",4,"1268914 -> 1452149 -> 1477489 -> 1411956 -> 1041721","resolved",108629.63,1e+05,1.0862963,0,0,1860.33,106769.3,FALSE
